Wavelength (nm),g
300,0.000205646
301,0.000165044
302,-0.000107117
303,0.000118319
304,0.000128884
305,-0.00024233
306,0.0000612
307,0.0000973
308,-0.000214582
309,0.00010221
310,0.0000118
311,-0.000149411
312,0.0000349
313,0.000202919
314,0.0000502
315,0.0000962
316,0.000326331
317,-0.0000969
318,0.000181624
319,0.000161889
320,0.00000481
321,-0.0000138
322,0.000204605
323,0.000117458
324,-0.00011166
325,-0.0000286
326,0.000470026
327,-0.000164345
328,-0.0000714
329,-0.000078
330,0.000479862
331,0.000556801
332,0.00000476
333,0.00036406
334,0.000316266
335,-0.0000992
336,-0.0001329
337,0.00000204
338,0.000161119
339,0.000221485
340,-0.000229152
341,0.000273934
342,0.0000192
343,-0.000126238
344,0.0000526
345,0.000336831
346,-0.000206326
347,-0.00000497
348,0.000203142
349,0.000802779
350,0.000126563
351,0.000134518
352,0.000129393
353,0.000114182
354,0.00000249
355,0.0000301
356,0.000138609
357,0.0000789
358,0.000110717
359,0.000155535
360,0.0000862
361,0.000154919
362,0.000076
363,0.000172242
364,0.000114917
365,0.0000729
366,0.0000579
367,0.000103115
368,0.0000589
369,0.0000921
370,0.0000454
371,0.000100792
372,0.0000728
373,0.0000918
374,0.0000716
375,0.0000556
376,0.0000579
377,0.0000804
378,0.0000933
379,0.0000684
380,0.00012418
381,0.0000886
382,0.0000851
383,0.0000114
384,0.0000687
385,0.00012096
386,0.000130867
387,0.0000413
388,0.0000866
389,0.000338663
390,0.000161857
391,0.000975318
392,0.000319795
393,0.000240079
394,0.011126103
395,0.009062199
396,0.010839829
397,0.050352555
398,0.021166408
399,0.067902654
400,4.747470379
401,43.00172806
402,79.58659363
403,95.49369812
404,94.28020477
405,96.20343018
406,96.86205292
407,96.86621094
408,96.2042923
409,97.69301605
410,97.81702423
411,97.78171539
412,96.40255737
413,96.87779999
414,97.39479065
415,97.87387085
416,97.59480286
417,97.78094482
418,97.8325882
419,97.6606369
420,98.34131622
421,98.58932495
422,98.49518585
423,98.13925934
424,98.28079224
425,98.17217255
426,98.10164642
427,98.33843994
428,98.02906036
429,97.88842773
430,98.05180359
431,97.96869659
432,98.39472198
433,98.37478638
434,98.25623322
435,98.2806778
436,97.94415283
437,97.66982269
438,98.1061554
439,98.3267746
440,98.35284424
441,98.59081268
442,98.31356049
443,98.1969223
444,98.31143951
445,97.98639679
446,97.97993469
447,98.35010529
448,98.22045898
449,98.28876495
450,98.45089722
451,98.56038666
452,98.52612305
453,98.25925446
454,98.04051208
455,98.21846771
456,98.39445496
457,98.43994904
458,98.44285583
459,98.63117218
460,98.32772827
461,97.95907593
462,98.17420959
463,98.362854
464,98.1774826
465,98.27277374
466,98.54803467
467,98.4040451
468,98.4750061
469,98.56761169
470,98.56078339
471,98.46339417
472,98.63444519
473,98.37503815
474,97.91704559
475,97.99895477
476,98.39989471
477,98.4447937
478,98.27345276
479,98.30942535
480,98.24989319
481,98.10253906
482,98.27147675
483,98.57164764
484,98.82777405
485,98.77516937
486,98.75871277
487,98.50346375
488,98.4642868
489,98.63096619
490,98.66098785
491,98.18034363
492,97.84421539
493,97.81669617
494,97.94966888
495,97.74434662
496,97.85581207
497,98.02084351
498,97.99113464
499,97.7877655
500,97.89556885
501,98.48181915
502,98.61401367
503,98.4286499
504,98.48778534
505,98.64083862
506,98.46024323
507,98.2668457
508,98.45884705
509,98.55738068
510,98.02710724
511,97.8033905
512,98.14304352
513,98.52141571
514,98.43719482
515,98.48075867
516,98.49549866
517,98.55813599
518,98.30299377
519,98.10578156
520,98.41734314
521,98.20827484
522,97.66001892
523,97.5344162
524,98.12927246
525,98.4654007
526,97.9576416
527,97.40709686
528,97.79019165
529,98.13008881
530,97.84677887
531,97.60794067
532,98.09299469
533,98.24993134
534,97.89189148
535,97.69880676
536,98.26124573
537,98.02830505
538,97.13528442
539,96.90276337
540,97.93894196
541,98.31536102
542,97.99890137
543,97.83922577
544,97.90141296
545,97.35116577
546,96.38427734
547,84.37091827
548,37.6278801
549,8.064941406
550,1.788478732
551,0.380061835
552,0.105367638
553,0.037682712
554,0.016126486
555,0.008324926
556,0.005043945
557,0.003528317
558,0.002670231
559,0.00218389
560,0.0018348
561,0.00138403
562,0.00117095
563,0.000884456
564,0.000696053
565,0.000635327
566,0.000675987
567,0.000735659
568,0.00093813
569,0.001301807
570,0.002198409
571,0.003726393
572,0.005599881
573,0.007110381
574,0.006651299
575,0.005269838
576,0.004153441
577,0.003286709
578,0.002967612
579,0.002980463
580,0.003403567
581,0.003415714
582,0.003199559
583,0.002787254
584,0.002414358
585,0.002543925
586,0.003109479
587,0.004430217
588,0.006281783
589,0.006951272
590,0.006148378
591,0.005671382
592,0.005587732
593,0.005792328
594,0.004506197
595,0.002903453
596,0.00173892
597,0.001206234
598,0.001052373
599,0.000987086
600,0.001095609
601,0.001299478
602,0.001748171
603,0.00225234
604,0.002839839
605,0.003291211
606,0.003473671
607,0.003500116
608,0.003306649
609,0.003148266
610,0.003392145
611,0.00385391
612,0.004241814
613,0.003764201
614,0.002635396
615,0.001632107
616,0.001172435
617,0.000970765
618,0.001007392
619,0.001145741
620,0.001707626
621,0.002844773
622,0.004856577
623,0.005721997
624,0.00458143
625,0.003310882
626,0.002360035
627,0.001745359
628,0.001279468
629,0.000917914
630,0.000681344
631,0.000539363
632,0.000504598
633,0.00057421
634,0.000660077
635,0.000848088
636,0.001311717
637,0.002149958
638,0.003520574
639,0.004418036
640,0.003973437
641,0.00256761
642,0.001624017
643,0.000948854
644,0.000657848
645,0.000480986
646,0.000379107
647,0.000280597
648,0.000217363
649,0.000149447
650,0.000114431
651,0.0000827
652,0.0000595
653,0.0000511
654,0.0000442
655,0.0000586
656,0.0000426
657,0.0000441
658,0.0000645
659,0.0000632
660,0.0000833
661,0.0000905
662,0.000104874
663,0.0000815
664,0.0000812
665,0.0000912
666,0.000119167
667,0.000150824
668,0.000155426
669,0.000179492
670,0.000289607
671,0.000425496
672,0.000533069
673,0.000654027
674,0.000820805
675,0.000760354
676,0.00070407
677,0.000558715
678,0.00045896
679,0.000389828
680,0.000347516
681,0.000358286
682,0.000375796
683,0.000490927
684,0.000625435
685,0.000797985
686,0.000883445
687,0.000809029
688,0.000610828
689,0.000503073
690,0.000390441
691,0.000381517
692,0.000332483
693,0.000366512
694,0.00039191
695,0.000429707
696,0.000491553
697,0.000559966
698,0.00074933
699,0.000900424
700,0.001211975
701,0.001751322
702,0.00292702
703,0.006101696
704,0.011198946
705,0.011518778
706,0.00695714
707,0.004118804
708,0.002883126
709,0.00256151
710,0.002340705
711,0.002684684
712,0.003184902
713,0.0039737
714,0.004630461
715,0.005300397
716,0.005347613
717,0.005025899
718,0.004828937
719,0.004630881
720,0.004772272
721,0.005088725
722,0.005661702
723,0.006118042
724,0.006549558
725,0.007024309
726,0.006977122
727,0.006668017
728,0.005925517
729,0.005033056
730,0.003917106
731,0.003144801
732,0.002780239
733,0.002366175
734,0.002199091
735,0.002519126
736,0.003110938
737,0.004342201
738,0.006783498
739,0.008910557
740,0.007662883
741,0.004064451
742,0.002056213
743,0.001124532
744,0.000812316
745,0.000528764
746,0.000352499
747,0.000363925
748,0.000234728
749,0.000290042
750,0.000257356
751,0.000301369
752,0.000282738
753,0.000269171
754,0.000306926
755,0.000479513
756,0.000609061
757,0.000651336
758,0.000795896
759,0.000984708
760,0.001134968
761,0.001527373
762,0.001858573
763,0.002226467
764,0.002610937
765,0.003072358
766,0.003658559
767,0.004424139
768,0.005484708
769,0.006355457
770,0.0080964
771,0.008081278
772,0.007277733
773,0.006253101
774,0.005224114
775,0.004118463
776,0.003295417
777,0.003285913
778,0.003211093
779,0.003269001
780,0.003518796
781,0.003811619
782,0.00479639
783,0.005049737
784,0.005407349
785,0.004994628
786,0.00385416
787,0.002935782
788,0.002357523
789,0.001678158
790,0.001351127
791,0.00102001
792,0.000830973
793,0.000672102
794,0.000588491
795,0.000542293
796,0.000470806
797,0.000486281
798,0.000588274
799,0.000487466
800,0.00242019
800,0.000425417
800.2000122,0.005929894
800.4000244,0.00395193
800.5999756,0.005676639
800.7999878,0.002906119
801,0.000738836
801.2000122,0.003309716
801.4000244,0.003944092
801.5999756,0.001562615
801.7999878,0.004644956
802,0.003345774
802.2000122,0.002636526
802.4000244,0.002048248
802.5999756,0.004758324
802.7999878,0.002583531
803,0.004573912
803.2000122,0.002901383
803.4000244,0.001952085
803.5999756,0.003391794
803.7999878,0.005726828
804,0.002500937
804.2000122,0.002333131
804.4000244,0.003310689
804.5999756,0.002544018
804.7999878,0.00361425
805,0.004228168
805.2000122,0.004672044
805.4000244,0.002804651
805.5999756,0.006258724
805.7999878,0.004081843
806,0.004240159
806.2000122,0.001086187
806.4000244,0.003324418
806.5999756,0.004110465
806.7999878,0.003256948
807,0.004906446
807.2000122,0.002566396
807.4000244,0.003250449
807.5999756,0.00394858
807.7999878,0.003932215
808,0.001938005
808.2000122,0.00233507
808.4000244,0.002890263
808.5999756,0.005399977
808.7999878,0.002588786
809,0.003885054
809.2000122,0.003172378
809.4000244,0.003822463
809.5999756,0.004346772
809.7999878,0.004195764
810,0.006150923
810.2000122,0.003897338
810.4000244,0.005883421
810.5999756,0.003958722
810.7999878,0.004556847
811,0.003835082
811.2000122,0.004241542
811.4000244,0.003697119
811.5999756,0.003706465
811.7999878,0.005629907
812,0.004760857
812.2000122,0.004898591
812.4000244,0.005223765
812.5999756,0.004291612
812.7999878,0.003361407
813,0.004029324
813.2000122,0.003461571
813.4000244,0.002770946
813.5999756,0.00272688
813.7999878,0.00404604
814,0.003697006
814.2000122,0.00255356
814.4000244,0.005298807
814.5999756,0.005586969
814.7999878,0.005244276
815,0.002675328
815.2000122,0.004150324
815.4000244,0.001855053
815.5999756,0.004654731
815.7999878,0.003361778
816,0.0041991
816.2000122,0.004438439
816.4000244,0.004018032
816.5999756,0.002745336
816.7999878,0.004905679
817,0.002929996
817.2000122,0.004355063
817.4000244,0.004487215
817.5999756,0.005873549
817.7999878,0.006345414
818,0.003383596
818.2000122,0.004963556
818.4000244,0.003754063
818.5999756,0.005743887
818.7999878,0.003988579
819,0.004013698
819.2000122,0.003408604
819.4000244,0.001992262
819.5999756,0.00376551
819.7999878,0.002268138
820,0.005041634
820.2000122,0.004469462
820.4000244,0.004119994
820.5999756,0.00416509
820.7999878,0.004092914
821,0.00335661
821.2000122,0.003977081
821.4000244,0.004879994
821.5999756,0.004058897
821.7999878,0.003205241
822,0.004964055
822.2000122,0.003021489
822.4000244,0.005503922
822.5999756,0.005064733
822.7999878,0.004244564
823,0.004346239
823.2000122,0.003887512
823.4000244,0.003721217
823.5999756,0.003232735
823.7999878,0.005306426
824,0.004744107
824.2000122,0.004941169
824.4000244,0.004221633
824.5999756,0.003641858
824.7999878,0.004307868
825,0.004438629
825.2000122,0.004845188
825.4000244,0.003815646
825.5999756,0.003788837
825.7999878,0.003794235
826,0.004121923
826.2000122,0.00446765
826.4000244,0.004188463
826.5999756,0.004494725
826.7999878,0.005569402
827,0.003034009
827.2000122,0.003103849
827.4000244,0.003222344
827.5999756,0.004499844
827.7999878,0.004470715
828,0.003042302
828.2000122,0.005568467
828.4000244,0.004229017
828.5999756,0.003474352
828.7999878,0.004895955
829,0.005990308
829.2000122,0.002771411
829.4000244,0.0053482
829.5999756,0.004999723
829.7999878,0.002689356
830,0.004846487
830.2000122,0.002791716
830.4000244,0.005306255
830.5999756,0.003576535
830.7999878,0.004176437
831,0.003722186
831.2000122,0.003669021
831.4000244,0.00406811
831.5999756,0.004481683
831.7999878,0.002794236
832,0.003441657
832.2000122,0.002812715
832.4000244,0.003795555
832.5999756,0.002992507
832.7999878,0.003923855
833,0.005500653
833.2000122,0.00419492
833.4000244,0.004475908
833.5999756,0.004817662
833.7999878,0.003088427
834,0.005205983
834.2000122,0.004116121
834.4000244,0.004245909
834.5999756,0.00381024
834.7999878,0.004320045
835,0.004120039
835.2000122,0.004566771
835.4000244,0.002385816
835.5999756,0.00416203
835.7999878,0.003436757
836,0.004344122
836.2000122,0.003479544
836.4000244,0.002970707
836.5999756,0.004211004
836.7999878,0.002275042
837,0.003027823
837.2000122,0.004640927
837.4000244,0.004433498
837.5999756,0.003815794
837.7999878,0.004121928
838,0.003214251
838.2000122,0.003470367
838.4000244,0.004735352
838.5999756,0.004165506
838.7999878,0.004118136
839,0.005267809
839.2000122,0.004283498
839.4000244,0.002088778
839.5999756,0.003125632
839.7999878,0.00445614
840,0.003610787
840.2000122,0.003479259
840.4000244,0.003061735
840.5999756,0.002918234
840.7999878,0.004663397
841,0.003471345
841.2000122,0.003148886
841.4000244,0.003379925
841.5999756,0.002810644
841.7999878,0.003610443
842,0.003905107
842.2000122,0.00333395
842.4000244,0.002837797
842.5999756,0.003863338
842.7999878,0.003980798
843,0.004212101
843.2000122,0.004464336
843.4000244,0.003194937
843.5999756,0.003195192
843.7999878,0.00388084
844,0.004214751
844.2000122,0.002703438
844.4000244,0.003948209
844.5999756,0.003563297
844.7999878,0.003315809
845,0.003895995
845.2000122,0.002259699
845.4000244,0.002186708
845.5999756,0.003520047
845.7999878,0.002912776
846,0.003258814
846.2000122,0.002723789
846.4000244,0.002514034
846.5999756,0.004233108
846.7999878,0.002604067
847,0.003518675
847.2000122,0.002848243
847.4000244,0.003484205
847.5999756,0.002872099
847.7999878,0.003136947
848,0.003190513
848.2000122,0.003450922
848.4000244,0.002684273
848.5999756,0.002399052
848.7999878,0.002538316
849,0.00356181
849.2000122,0.004377676
849.4000244,0.003885464
849.5999756,0.003306747
849.7999878,0.00405447
850,0.003480627
850.2000122,0.003606308
850.4000244,0.004288222
850.5999756,0.003789504
850.7999878,0.002714233
851,0.003281195
851.2000122,0.002865859
851.4000244,0.002826943
851.5999756,0.002165119
851.7999878,0.003572043
852,0.004123481
852.2000122,0.002753376
852.4000244,0.002636146
852.5999756,0.002370864
852.7999878,0.003452558
853,0.003748205
853.2000122,0.003781765
853.4000244,0.00342683
853.5999756,0.003467929
853.7999878,0.003258766
854,0.003278408
854.2000122,0.003060509
854.4000244,0.002354724
854.5999756,0.003827086
854.7999878,0.002902162
855,0.001593801
855.2000122,0.004012167
855.4000244,0.003430093
855.5999756,0.002846829
855.7999878,0.002226055
856,0.004134747
856.2000122,0.00321145
856.4000244,0.003137242
856.5999756,0.003270841
856.7999878,0.003517269
857,0.003063768
857.2000122,0.003632152
857.4000244,0.00447065
857.5999756,0.002668423
857.7999878,0.003007456
858,0.003806581
858.2000122,0.004026992
858.4000244,0.003119302
858.5999756,0.004047891
858.7999878,0.004933649
859,0.003123975
859.2000122,0.004507433
859.4000244,0.004361383
859.5999756,0.003801414
859.7999878,0.003669959
860,0.003860039
860.2000122,0.004864626
860.4000244,0.004028244
860.5999756,0.004936506
860.7999878,0.004452175
861,0.003742814
861.2000122,0.004124004
861.4000244,0.004098682
861.5999756,0.004127447
861.7999878,0.004458256
862,0.004628159
862.2000122,0.003807706
862.4000244,0.005275967
862.5999756,0.003935208
862.7999878,0.004513308
863,0.004493119
863.2000122,0.003819654
863.4000244,0.004112429
863.5999756,0.004444099
863.7999878,0.004768708
864,0.004300443
864.2000122,0.004462226
864.4000244,0.004090604
864.5999756,0.00416672
864.7999878,0.005077155
865,0.004960211
865.2000122,0.005292509
865.4000244,0.004536788
865.5999756,0.004002496
865.7999878,0.00471799
866,0.005458988
866.2000122,0.005162175
866.4000244,0.005462363
866.5999756,0.005664749
866.7999878,0.005528891
867,0.004819732
867.2000122,0.005424491
867.4000244,0.005214226
867.5999756,0.005384611
867.7999878,0.005654446
868,0.00490189
868.2000122,0.00562714
868.4000244,0.005699191
868.5999756,0.005427029
868.7999878,0.005599757
869,0.004661385
869.2000122,0.00550693
869.4000244,0.006182787
869.5999756,0.006125439
869.7999878,0.005660259
870,0.005018619
870.2000122,0.005726771
870.4000244,0.005813099
870.5999756,0.004976348
870.7999878,0.005956815
871,0.006148442
871.2000122,0.006245951
871.4000244,0.005552555
871.5999756,0.005363476
871.7999878,0.005638842
872,0.005842189
872.2000122,0.005688265
872.4000244,0.005124152
872.5999756,0.005367905
872.7999878,0.005648482
873,0.005350522
873.2000122,0.005512971
873.4000244,0.005483058
873.5999756,0.005309709
873.7999878,0.00598979
874,0.005289258
874.2000122,0.005164234
874.4000244,0.005853122
874.5999756,0.005470057
874.7999878,0.005471105
875,0.005636621
875.2000122,0.005113195
875.4000244,0.005493913
875.5999756,0.005101324
875.7999878,0.005064179
876,0.005313068
876.2000122,0.005682725
876.4000244,0.005382421
876.5999756,0.005773342
876.7999878,0.005300991
877,0.005096979
877.2000122,0.005860102
877.4000244,0.005296069
877.5999756,0.005302056
877.7999878,0.00516515
878,0.005214398
878.2000122,0.005650953
878.4000244,0.005547689
878.5999756,0.005433418
878.7999878,0.005397414
879,0.00571258
879.2000122,0.005261811
879.4000244,0.005637126
879.5999756,0.005226935
879.7999878,0.005354589
880,0.005548753
880.2000122,0.004957591
880.4000244,0.00480631
880.5999756,0.005281375
880.7999878,0.005518395
881,0.005175871
881.2000122,0.005076548
881.4000244,0.005316476
881.5999756,0.005030312
881.7999878,0.004933694
882,0.005507449
882.2000122,0.005122117
882.4000244,0.00523752
882.5999756,0.004781443
882.7999878,0.005350155
883,0.005464347
883.2000122,0.005135162
883.4000244,0.004985831
883.5999756,0.00460475
883.7999878,0.005248857
884,0.005443647
884.2000122,0.005384948
884.4000244,0.004872125
884.5999756,0.005202149
884.7999878,0.005713869
885,0.005088735
885.2000122,0.00511855
885.4000244,0.004916345
885.5999756,0.005118833
885.7999878,0.005215632
886,0.005523762
886.2000122,0.005189828
886.4000244,0.00512015
886.5999756,0.005205473
886.7999878,0.005270959
887,0.004761561
887.2000122,0.004771169
887.4000244,0.004986153
887.5999756,0.005511966
887.7999878,0.004803022
888,0.005333749
888.2000122,0.004632565
888.4000244,0.004831188
888.5999756,0.005483721
888.7999878,0.004886309
889,0.00499431
889.2000122,0.005590195
889.4000244,0.004825348
889.5999756,0.004909562
889.7999878,0.005396086
890,0.005585098
890.2000122,0.004974139
890.4000244,0.0050151
890.5999756,0.00477269
890.7999878,0.005123512
891,0.005336041
891.2000122,0.005092909
891.4000244,0.005053421
891.5999756,0.005670708
891.7999878,0.004882643
892,0.005235733
892.2000122,0.005546039
892.4000244,0.004863031
892.5999756,0.005324994
892.7999878,0.004388347
893,0.005478732
893.2000122,0.005121088
893.4000244,0.004799351
893.5999756,0.005005931
893.7999878,0.005145268
894,0.005049209
894.2000122,0.005495488
894.4000244,0.004927724
894.5999756,0.005399115
894.7999878,0.005108719
895,0.005220472
895.2000122,0.004812183
895.4000244,0.004959995
895.5999756,0.004968153
895.7999878,0.005100064
896,0.00488282
896.2000122,0.005343088
896.4000244,0.005091746
896.5999756,0.005122488
896.7999878,0.005173826
897,0.00497989
897.2000122,0.005322828
897.4000244,0.005068335
897.5999756,0.005700469
897.7999878,0.005136471
898,0.005287706
898.2000122,0.004982947
898.4000244,0.005038842
898.5999756,0.005040476
898.7999878,0.005195893
899,0.004795907
899.2000122,0.005199955
899.4000244,0.005531166
899.5999756,0.00518824
899.7999878,0.005210306
900,0.005347116
900.2000122,0.00499562
900.4000244,0.004747001
900.5999756,0.005123478
900.7999878,0.005228366
901,0.005253168
901.2000122,0.004752982
901.4000244,0.004776084
901.5999756,0.005062575
901.7999878,0.004788625
902,0.005201752
902.2000122,0.004923462
902.4000244,0.005312815
902.5999756,0.004974306
902.7999878,0.005119805
903,0.005252623
903.2000122,0.00510695
903.4000244,0.004851269
903.5999756,0.005070561
903.7999878,0.00501671
904,0.005131574
904.2000122,0.00526148
904.4000244,0.005124295
904.5999756,0.005027742
904.7999878,0.004801747
905,0.005118468
905.2000122,0.005230255
905.4000244,0.005142165
905.5999756,0.00500236
905.7999878,0.005322903
906,0.005176418
906.2000122,0.005484565
906.4000244,0.00512443
906.5999756,0.005083133
906.7999878,0.005141733
907,0.00514999
907.2000122,0.005223957
907.4000244,0.00551484
907.5999756,0.005237427
907.7999878,0.005219448
908,0.00535569
908.2000122,0.005320518
908.4000244,0.005310236
908.5999756,0.005155335
908.7999878,0.005518616
909,0.005412069
909.2000122,0.005384446
909.4000244,0.005357286
909.5999756,0.005385681
909.7999878,0.005357189
910,0.005527994
910.2000122,0.005527357
910.4000244,0.005267443
910.5999756,0.005182684
910.7999878,0.005574333
911,0.00549272
911.2000122,0.005462864
911.4000244,0.005542175
911.5999756,0.005233755
911.7999878,0.005456865
912,0.005625566
912.2000122,0.005545457
912.4000244,0.005577326
912.5999756,0.005369111
912.7999878,0.005472818
913,0.005344037
913.2000122,0.005331106
913.4000244,0.005287967
913.5999756,0.005687652
913.7999878,0.005339864
914,0.005462091
914.2000122,0.005715569
914.4000244,0.005490112
914.5999756,0.005557795
914.7999878,0.005461526
915,0.005431329
915.2000122,0.005299948
915.4000244,0.00538338
915.5999756,0.005609334
915.7999878,0.005460318
916,0.005361591
916.2000122,0.005557287
916.4000244,0.005487089
916.5999756,0.00545118
916.7999878,0.005316447
917,0.005441319
917.2000122,0.005328451
917.4000244,0.005344511
917.5999756,0.005289517
917.7999878,0.005416011
918,0.005437655
918.2000122,0.005445225
918.4000244,0.005266537
918.5999756,0.005420303
918.7999878,0.005240247
919,0.005151553
919.2000122,0.005327798
919.4000244,0.005195336
919.5999756,0.005272379
919.7999878,0.005285114
920,0.005211087
920.2000122,0.005219582
920.4000244,0.005342584
920.5999756,0.005014324
920.7999878,0.005086886
921,0.005352726
921.2000122,0.005176284
921.4000244,0.00520329
921.5999756,0.005033953
921.7999878,0.005114542
922,0.005071709
922.2000122,0.005029396
922.4000244,0.004909544
922.5999756,0.004913044
922.7999878,0.004966532
923,0.005058024
923.2000122,0.005053723
923.4000244,0.005066688
923.5999756,0.004696328
923.7999878,0.004844596
924,0.004785963
924.2000122,0.004896272
924.4000244,0.004780265
924.5999756,0.004853882
924.7999878,0.00489908
925,0.004762979
925.2000122,0.004777479
925.4000244,0.004664036
925.5999756,0.004507867
925.7999878,0.004782685
926,0.004634934
926.2000122,0.004458635
926.4000244,0.004466943
926.5999756,0.004461619
926.7999878,0.004419255
927,0.004454548
927.2000122,0.004483842
927.4000244,0.004175491
927.5999756,0.004269652
927.7999878,0.004219295
928,0.004185913
928.2000122,0.004049452
928.4000244,0.004114117
928.5999756,0.003921519
928.7999878,0.003974257
929,0.004005875
929.2000122,0.003825115
929.4000244,0.003823159
929.5999756,0.003831386
929.7999878,0.003683028
930,0.003616991
930.2000122,0.003782029
930.4000244,0.003525782
930.5999756,0.003466858
930.7999878,0.003748068
931,0.003419576
931.2000122,0.003324835
931.4000244,0.003481592
931.5999756,0.00326694
931.7999878,0.003302732
932,0.003281167
932.2000122,0.003192524
932.4000244,0.003291579
932.5999756,0.003121579
932.7999878,0.003227744
933,0.003102743
933.2000122,0.003015271
933.4000244,0.002911828
933.5999756,0.002932443
933.7999878,0.002923462
934,0.002817857
934.2000122,0.002819008
934.4000244,0.002781045
934.5999756,0.002704316
934.7999878,0.002662926
935,0.002697814
935.2000122,0.002701006
935.4000244,0.002498309
935.5999756,0.002744769
935.7999878,0.002550961
936,0.002302227
936.2000122,0.00248255
936.4000244,0.002409909
936.5999756,0.002353392
936.7999878,0.002232474
937,0.002104075
937.2000122,0.002227235
937.4000244,0.002078411
937.5999756,0.002121602
937.7999878,0.001998325
938,0.00200737
938.2000122,0.001993338
938.4000244,0.001964177
938.5999756,0.001985128
938.7999878,0.00203602
939,0.00190821
939.2000122,0.001816552
939.4000244,0.001901203
939.5999756,0.00175651
939.7999878,0.001761712
940,0.001620414
940.2000122,0.001670511
940.4000244,0.00162503
940.5999756,0.001625634
940.7999878,0.001492765
941,0.001516939
941.2000122,0.0015098
941.4000244,0.001315321
941.5999756,0.001296798
941.7999878,0.001348473
942,0.001340899
942.2000122,0.001285492
942.4000244,0.0013679
942.5999756,0.001297852
942.7999878,0.001176358
943,0.001169166
943.2000122,0.001327513
943.4000244,0.001238774
943.5999756,0.001155436
943.7999878,0.001061641
944,0.001094053
944.2000122,0.001196819
944.4000244,0.001155289
944.5999756,0.000923384
944.7999878,0.00127465
945,0.000956444
945.2000122,0.000894052
945.4000244,0.000855027
945.5999756,0.000769641
945.7999878,0.000988822
946,0.000974872
946.2000122,0.000929876
946.4000244,0.000773983
946.5999756,0.000855157
946.7999878,0.000880289
947,0.000729123
947.2000122,0.000848259
947.4000244,0.000792754
947.5999756,0.000893355
947.7999878,0.000766289
948,0.000742224
948.2000122,0.000794589
948.4000244,0.000851831
948.5999756,0.000670744
948.7999878,0.000767571
949,0.000892186
949.2000122,0.000509402
949.4000244,0.000797281
949.5999756,0.000640113
949.7999878,0.000816549
950,0.000782674
950.2000122,0.000619884
950.4000244,0.000654245
950.5999756,0.000734309
950.7999878,0.00063383
951,0.000564827
951.2000122,0.000811807
951.4000244,0.00060591
951.5999756,0.000816956
951.7999878,0.000777118
952,0.000710472
952.2000122,0.000689388
952.4000244,0.000752432
952.5999756,0.000625614
952.7999878,0.00061056
953,0.000704364
953.2000122,0.00090078
953.4000244,0.000554254
953.5999756,0.000721757
953.7999878,0.000591021
954,0.000988185
954.2000122,0.000765772
954.4000244,0.000742757
954.5999756,0.000980924
954.7999878,0.00076564
955,0.000849117
955.2000122,0.000868936
955.4000244,0.000917215
955.5999756,0.000978135
955.7999878,0.001068632
956,0.00078477
956.2000122,0.000867221
956.4000244,0.001122893
956.5999756,0.000944562
956.7999878,0.001094038
957,0.001136692
957.2000122,0.001128002
957.4000244,0.001176655
957.5999756,0.001222441
957.7999878,0.001133203
958,0.001260903
958.2000122,0.001324269
958.4000244,0.001233114
958.5999756,0.001307912
958.7999878,0.001353894
959,0.001363566
959.2000122,0.001320798
959.4000244,0.001546795
959.5999756,0.001376406
959.7999878,0.001621089
960,0.001554583
960.2000122,0.001708504
960.4000244,0.001737445
960.5999756,0.001606193
960.7999878,0.001941531
961,0.002031621
961.2000122,0.001946101
961.4000244,0.00206578
961.5999756,0.002053262
961.7999878,0.002079261
962,0.002190669
962.2000122,0.002397973
962.4000244,0.002468666
962.5999756,0.002516204
962.7999878,0.002415917
963,0.002532759
963.2000122,0.002737882
963.4000244,0.002737605
963.5999756,0.002653772
963.7999878,0.002916333
964,0.002820803
964.2000122,0.002888868
964.4000244,0.002989512
964.5999756,0.002907674
964.7999878,0.0031296
965,0.003273526
965.2000122,0.003273683
965.4000244,0.003308353
965.5999756,0.003249389
965.7999878,0.003214238
966,0.003514225
966.2000122,0.003595355
966.4000244,0.003576479
966.5999756,0.00355439
966.7999878,0.003837331
967,0.003982202
967.2000122,0.003865359
967.4000244,0.003931736
967.5999756,0.004186342
967.7999878,0.004162511
968,0.004138202
968.2000122,0.004335478
968.4000244,0.004284845
968.5999756,0.004543702
968.7999878,0.004634399
969,0.004594305
969.2000122,0.004782133
969.4000244,0.004885682
969.5999756,0.00479014
969.7999878,0.005014278
970,0.00509084
970.2000122,0.005119913
970.4000244,0.005115846
970.5999756,0.005159181
970.7999878,0.00554162
971,0.00543181
971.2000122,0.00561346
971.4000244,0.005568202
971.5999756,0.005743476
971.7999878,0.005852378
972,0.00583559
972.2000122,0.005872397
972.4000244,0.006045818
972.5999756,0.006071058
972.7999878,0.006120344
973,0.006245453
973.2000122,0.006355671
973.4000244,0.006138962
973.5999756,0.006284074
973.7999878,0.006265562
974,0.006367475
974.2000122,0.006611132
974.4000244,0.006537111
974.5999756,0.006607192
974.7999878,0.006582375
975,0.006633021
975.2000122,0.006627906
975.4000244,0.006823883
975.5999756,0.006722677
975.7999878,0.006832148
976,0.006683571
976.2000122,0.006738731
976.4000244,0.006789826
976.5999756,0.006818654
976.7999878,0.006785076
977,0.006883462
977.2000122,0.006906144
977.4000244,0.007041664
977.5999756,0.006899569
977.7999878,0.006950084
978,0.006854458
978.2000122,0.006867899
978.4000244,0.006787575
978.5999756,0.006919811
978.7999878,0.006851474
979,0.007003475
979.2000122,0.00686698
979.4000244,0.006838145
979.5999756,0.00677132
979.7999878,0.006886925
980,0.006779397
980.2000122,0.006673458
980.4000244,0.006577778
980.5999756,0.006839869
980.7999878,0.006680316
981,0.006671194
981.2000122,0.00676708
981.4000244,0.006704058
981.5999756,0.00660569
981.7999878,0.00653403
982,0.00647715
982.2000122,0.006525736
982.4000244,0.006461854
982.5999756,0.006257522
982.7999878,0.00643096
983,0.006247829
983.2000122,0.006261298
983.4000244,0.006413419
983.5999756,0.006151844
983.7999878,0.006308058
984,0.006180496
984.2000122,0.006012291
984.4000244,0.006163021
984.5999756,0.006027582
984.7999878,0.006042635
985,0.005830735
985.2000122,0.005953738
985.4000244,0.005756192
985.5999756,0.005723022
985.7999878,0.005683315
986,0.005466837
986.2000122,0.005477016
986.4000244,0.005597089
986.5999756,0.005365499
986.7999878,0.005378371
987,0.005362357
987.2000122,0.005338191
987.4000244,0.005198909
987.5999756,0.005121906
987.7999878,0.005117422
988,0.004868134
988.2000122,0.004874517
988.4000244,0.004686504
988.5999756,0.004875514
988.7999878,0.00476767
989,0.004686125
989.2000122,0.004572514
989.4000244,0.004557291
989.5999756,0.004598587
989.7999878,0.004468056
990,0.004496307
990.2000122,0.004294053
990.4000244,0.004256142
990.5999756,0.004246588
990.7999878,0.004226222
991,0.004112021
991.2000122,0.004274565
991.4000244,0.003985604
991.5999756,0.00401059
991.7999878,0.00404096
992,0.004015009
992.2000122,0.003846905
992.4000244,0.004071929
992.5999756,0.003819164
992.7999878,0.003772336
993,0.003714819
993.2000122,0.003884192
993.4000244,0.003800004
993.5999756,0.003868957
993.7999878,0.003827145
994,0.003815587
994.2000122,0.003615311
994.4000244,0.003798696
994.5999756,0.003727273
994.7999878,0.00360734
995,0.003783977
995.2000122,0.003791527
995.4000244,0.003723988
995.5999756,0.00364315
995.7999878,0.003761739
996,0.003742225
996.2000122,0.003811934
996.4000244,0.003824359
996.5999756,0.003794333
996.7999878,0.003818623
997,0.003932342
997.2000122,0.004011265
997.4000244,0.004024145
997.5999756,0.004164146
997.7999878,0.004196755
998,0.004457685
998.2000122,0.004363329
998.4000244,0.004645382
998.5999756,0.004728812
998.7999878,0.004748785
999,0.005049609
999.2000122,0.005188141
999.4000244,0.005417702
999.5999756,0.005685747
999.7999878,0.005819483
1000,0.006017823
1000.200012,0.00657351
1000.400024,0.006847438
1000.599976,0.006958344
1000.799988,0.006982585
1001,0.007536556
1001.200012,0.007872178
1001.400024,0.008187058
1001.599976,0.008549143
1001.799988,0.008847281
1002,0.009369353
1002.200012,0.009679937
1002.400024,0.010007934
1002.599976,0.010349723
1002.799988,0.010816029
1003,0.011261424
1003.200012,0.011732591
1003.400024,0.011808028
1003.599976,0.012591535
1003.799988,0.012806876
1004,0.013362239
1004.200012,0.013552728
1004.400024,0.014156492
1004.599976,0.014521073
1004.799988,0.014955123
1005,0.01540394
1005.200012,0.015808158
1005.400024,0.016339822
1005.599976,0.016740253
1005.799988,0.017195756
1006,0.017412068
1006.200012,0.018096041
1006.400024,0.018382901
1006.599976,0.01901125
1006.799988,0.019537078
1007,0.019857582
1007.200012,0.020193489
1007.400024,0.020927876
1007.599976,0.021482887
1007.799988,0.021873744
1008,0.022474058
1008.200012,0.022729738
1008.400024,0.023223417
1008.599976,0.023739543
1008.799988,0.024337169
1009,0.024915684
1009.200012,0.025368011
1009.400024,0.025822019
1009.599976,0.026250441
1009.799988,0.026662296
1010,0.027136587
1010.200012,0.027427506
1010.400024,0.02814832
1010.599976,0.02872411
1010.799988,0.02917782
1011,0.029546225
1011.200012,0.029915897
1011.400024,0.030296281
1011.599976,0.030675484
1011.799988,0.031250555
1012,0.031564754
1012.200012,0.03208692
1012.400024,0.032375999
1012.599976,0.033018865
1012.799988,0.033173084
1013,0.033479288
1013.200012,0.033835266
1013.400024,0.034042351
1013.599976,0.034328636
1013.799988,0.034493774
1014,0.034735296
1014.200012,0.034916926
1014.400024,0.035039529
1014.599976,0.035317346
1014.799988,0.035057694
1015,0.035309818
1015.200012,0.03528472
1015.400024,0.035139631
1015.599976,0.034982849
1015.799988,0.035100937
1016,0.034854595
1016.200012,0.034997661
1016.400024,0.034727186
1016.599976,0.034657232
1016.799988,0.034466267
1017,0.034372773
1017.200012,0.034240644
1017.400024,0.034012657
1017.599976,0.033880681
1017.799988,0.033986121
1018,0.033810809
1018.200012,0.033707112
1018.400024,0.033440441
1018.599976,0.033622801
1018.799988,0.033285838
1019,0.033150766
1019.200012,0.033059001
1019.400024,0.032969791
1019.599976,0.03276746
1019.799988,0.032537095
1020,0.032348797
1020.200012,0.032260776
1020.400024,0.032009885
1020.599976,0.031808205
1020.799988,0.031594727
1021,0.031167135
1021.200012,0.031228067
1021.400024,0.030799665
1021.599976,0.030548556
1021.799988,0.030185718
1022,0.029722199
1022.200012,0.029367229
1022.400024,0.02902519
1022.599976,0.028614989
1022.799988,0.028283242
1023,0.02802315
1023.200012,0.027452387
1023.400024,0.027137617
1023.599976,0.0267944
1023.799988,0.026297415
1024,0.026111186
1024.199951,0.025707647
1024.400024,0.025249716
1024.599976,0.02495724
1024.800049,0.024536848
1025,0.024316626
1025.199951,0.02377096
1025.400024,0.023779057
1025.599976,0.023345316
1025.800049,0.023158399
1026,0.022703305
1026.199951,0.022464214
1026.400024,0.02229856
1026.599976,0.021861898
1026.800049,0.02147443
1027,0.021509459
1027.199951,0.021176768
1027.400024,0.020833649
1027.599976,0.020749407
1027.800049,0.020611187
1028,0.020362513
1028.199951,0.020221114
1028.400024,0.020020776
1028.599976,0.019714551
1028.800049,0.019643925
1029,0.019502563
1029.199951,0.01937012
1029.400024,0.01930337
1029.599976,0.019236831
1029.800049,0.019095594
1030,0.01899514
1030.199951,0.018891687
1030.400024,0.018837426
1030.599976,0.018765973
1030.800049,0.018666448
1031,0.018501796
1031.199951,0.018517146
1031.400024,0.018426599
1031.599976,0.018201126
1031.800049,0.018376762
1032,0.01827375
1032.199951,0.018273786
1032.400024,0.018145068
1032.599976,0.018159326
1032.800049,0.018250057
1033,0.018061262
1033.199951,0.018058771
1033.400024,0.018174281
1033.599976,0.018041102
1033.800049,0.018177032
1034,0.018030096
1034.199951,0.018032564
1034.400024,0.01834281
1034.599976,0.018328279
1034.800049,0.018342195
1035,0.018623894
1035.199951,0.018691957
1035.400024,0.018656325
1035.599976,0.018829044
1035.800049,0.018929046
1036,0.01905326
1036.199951,0.019322952
1036.400024,0.019477833
1036.599976,0.019623045
1036.800049,0.019964643
1037,0.020145336
1037.199951,0.020366978
1037.400024,0.020575562
1037.599976,0.020842385
1037.800049,0.021286057
1038,0.021564269
1038.199951,0.021863997
1038.400024,0.022186944
1038.599976,0.022551691
1038.800049,0.022942688
1039,0.023422638
1039.199951,0.023714285
1039.400024,0.024442153
1039.599976,0.024732525
1039.800049,0.025381317
1040,0.026068162
1040.199951,0.02650911
1040.400024,0.027002715
1040.599976,0.027385836
1040.800049,0.027994791
1041,0.028804395
1041.199951,0.029420771
1041.400024,0.029900458
1041.599976,0.030645754
1041.800049,0.031431757
1042,0.032011148
1042.199951,0.032691948
1042.400024,0.033419758
1042.599976,0.03416273
1042.800049,0.034874264
1043,0.035668679
1043.199951,0.036337588
1043.400024,0.037058398
1043.599976,0.03794105
1043.800049,0.03881216
1044,0.039344247
1044.199951,0.040140998
1044.400024,0.040839702
1044.599976,0.041859053
1044.800049,0.042524412
1045,0.043438353
1045.199951,0.044505753
1045.400024,0.045088783
1045.599976,0.045911543
1045.800049,0.04676754
1046,0.047739584
1046.199951,0.048402756
1046.400024,0.049535565
1046.599976,0.050071806
1046.800049,0.050980173
1047,0.051731214
1047.199951,0.052634731
1047.400024,0.053291228
1047.599976,0.054012634
1047.800049,0.054652937
1048,0.055376016
1048.199951,0.056095667
1048.400024,0.056635112
1048.599976,0.057324138
1048.800049,0.057825267
1049,0.05818864
1049.199951,0.058400754
1049.400024,0.059087522
1049.599976,0.059526488
1049.800049,0.059860419
1050,0.059985336
1050.199951,0.060356479
1050.400024,0.060548004
1050.599976,0.060962752
1050.800049,0.060934581
1051,0.061158855
1051.199951,0.061258651
1051.400024,0.061327744
1051.599976,0.061229762
1051.800049,0.061235599
1052,0.06135913
1052.199951,0.061179116
1052.400024,0.060947176
1052.599976,0.060903076
1052.800049,0.06086731
1053,0.060846888
1053.199951,0.060270879
1053.400024,0.060261391
1053.599976,0.060056515
1053.800049,0.059778709
1054,0.059552923
1054.199951,0.059117861
1054.400024,0.058894597
1054.599976,0.058654986
1054.800049,0.058438692
1055,0.058050781
1055.199951,0.057814114
1055.400024,0.057572972
1055.599976,0.057219468
1055.800049,0.057008445
1056,0.056716032
1056.199951,0.056488276
1056.400024,0.056225985
1056.599976,0.056092858
1056.800049,0.055770278
1057,0.055685349
1057.199951,0.055289775
1057.400024,0.054948252
1057.599976,0.05484058
1057.800049,0.054723538
1058,0.054121692
1058.199951,0.053998183
1058.400024,0.053705212
1058.599976,0.053446531
1058.800049,0.053091038
1059,0.052673876
1059.199951,0.052270416
1059.400024,0.052048367
1059.599976,0.051696062
1059.800049,0.051128365
1060,0.050963927
1060.199951,0.050711289
1060.400024,0.0505266
1060.599976,0.050198928
1060.800049,0.049829889
1061,0.049633585
1061.199951,0.049536005
1061.400024,0.049183704
1061.599976,0.049336463
1061.800049,0.049093448
1062,0.049138129
1062.199951,0.049201254
1062.400024,0.049178798
1062.599976,0.049186971
1062.800049,0.049199671
1063,0.049455702
1063.199951,0.049375959
1063.400024,0.049490552
1063.599976,0.049665116
1063.800049,0.049799368
1064,0.050043374
1064.199951,0.049937934
1064.400024,0.049966522
1064.599976,0.050080452
1064.800049,0.05007885
1065,0.05007644
1065.199951,0.050078459
1065.400024,0.049990084
1065.599976,0.050027169
1065.800049,0.04981751
1066,0.049610097
1066.199951,0.049475279
1066.400024,0.049482234
1066.599976,0.049511071
1066.800049,0.049317729
1067,0.049073268
1067.199951,0.049023844
1067.400024,0.048756581
1067.599976,0.04869204
1067.800049,0.048738126
1068,0.048257891
1068.199951,0.048417989
1068.400024,0.048159976
1068.599976,0.048069581
1068.800049,0.047862753
1069,0.047842816
1069.199951,0.047668092
1069.400024,0.047635671
1069.599976,0.047366649
1069.800049,0.047366999
1070,0.047230393
1070.199951,0.047108918
1070.400024,0.046845499
1070.599976,0.046535913
1070.800049,0.046363719
1071,0.045939356
1071.199951,0.045788068
1071.400024,0.045515671
1071.599976,0.045197863
1071.800049,0.044821609
1072,0.04425877
1072.199951,0.043927252
1072.400024,0.043707304
1072.599976,0.04332713
1072.800049,0.042849787
1073,0.042483322
1073.199951,0.041990094
1073.400024,0.041739788
1073.599976,0.041111376
1073.800049,0.040843826
1074,0.040364709
1074.199951,0.039965644
1074.400024,0.039387796
1074.599976,0.03890473
1074.800049,0.038439475
1075,0.038180564
1075.199951,0.037635818
1075.400024,0.037226744
1075.599976,0.036732949
1075.800049,0.03641928
1076,0.035945151
1076.199951,0.035266858
1076.400024,0.03479737
1076.599976,0.034203589
1076.800049,0.033730343
1077,0.033382591
1077.199951,0.03277462
1077.400024,0.032432195
1077.599976,0.031907536
1077.800049,0.031309947
1078,0.030843183
1078.199951,0.030490279
1078.400024,0.029989928
1078.599976,0.029687122
1078.800049,0.02927692
1079,0.028992368
1079.199951,0.028565988
1079.400024,0.028308554
1079.599976,0.027996151
1079.800049,0.027729725
1080,0.027351143
1080.199951,0.027090607
1080.400024,0.026803087
1080.599976,0.026574751
1080.800049,0.026554292
1081,0.026324401
1081.199951,0.026173154
1081.400024,0.02606475
1081.599976,0.025858348
1081.800049,0.025838684
1082,0.025561484
1082.199951,0.025431026
1082.400024,0.025355723
1082.599976,0.025195494
1082.800049,0.025400948
1083,0.025247401
1083.199951,0.025378909
1083.400024,0.025293071
1083.599976,0.025288459
1083.800049,0.025522051
1084,0.025354899
1084.199951,0.025694516
1084.400024,0.025760781
1084.599976,0.025780447
1084.800049,0.026161456
1085,0.026228238
1085.199951,0.026644083
1085.400024,0.026854852
1085.599976,0.027139613
1085.800049,0.027658185
1086,0.02766351
1086.199951,0.028353227
1086.400024,0.028741317
1086.599976,0.02920478
1086.800049,0.029576492
1087,0.030023083
1087.199951,0.030367365
1087.400024,0.031160491
1087.599976,0.031270254
1087.800049,0.032013543
1088,0.032278758
1088.199951,0.032931127
1088.400024,0.033372652
1088.599976,0.033750318
1088.800049,0.033960644
1089,0.034472741
1089.199951,0.034859739
1089.400024,0.035155825
1089.599976,0.035792015
1089.800049,0.035965163
1090,0.036453437
1090.199951,0.0368836
1090.400024,0.03730249
1090.599976,0.03747987
1090.800049,0.03807985
1091,0.038273048
1091.199951,0.038771804
1091.400024,0.039197966
1091.599976,0.039641239
1091.800049,0.040101647
1092,0.040642712
1092.199951,0.041003812
1092.400024,0.041436918
1092.599976,0.041989908
1092.800049,0.042546429
1093,0.042900316
1093.199951,0.04325382
1093.400024,0.044047851
1093.599976,0.044484004
1093.800049,0.045015946
1094,0.045513794
1094.199951,0.045909438
1094.400024,0.046275735
1094.599976,0.046764333
1094.800049,0.047211759
1095,0.04729335
1095.199951,0.04779765
1095.400024,0.047891289
1095.599976,0.048474919
1095.800049,0.048359331
1096,0.048692249
1096.199951,0.048777312
1096.400024,0.048790656
1096.599976,0.049161345
1096.800049,0.049302705
1097,0.049349055
1097.199951,0.049400691
1097.400024,0.049392518
1097.599976,0.049439278
1097.800049,0.049558993
1098,0.049605507
1098.199951,0.049452595
1098.400024,0.049581014
1098.599976,0.049432158
1098.800049,0.049278494
1099,0.049210444
1099.199951,0.049333677
1099.400024,0.049161278
1099.599976,0.049056608
1099.800049,0.049086463
1100,0.048666291
1100.199951,0.048825063
1100.400024,0.04858147
1100.599976,0.048465591
1100.800049,0.048252482
1101,0.048081461
1101.199951,0.047887731
1101.400024,0.047721453
1101.599976,0.047575224
1101.800049,0.047353022
1102,0.047204308
1102.199951,0.04693456
1102.400024,0.046479356
1102.599976,0.046572547
1102.800049,0.046143848
1103,0.046088539
1103.199951,0.045784347
1103.400024,0.045494389
1103.599976,0.045410004
1103.800049,0.045098305
1104,0.044684399
1104.199951,0.04464278
1104.400024,0.044437114
1104.599976,0.04402034
1104.800049,0.044032194
1105,0.043661442
1105.199951,0.043564823
1105.400024,0.043224331
1105.599976,0.04292091
1105.800049,0.042928081
1106,0.042588633
1106.199951,0.042497862
1106.400024,0.042270217
1106.599976,0.042111207
1106.800049,0.041740194
1107,0.041732706
1107.199951,0.041646078
1107.400024,0.041486502
1107.599976,0.04134012
1107.800049,0.041455518
1108,0.041387327
1108.199951,0.041352652
1108.400024,0.041257106
1108.599976,0.04158425
1108.800049,0.041456953
1109,0.04163314
1109.199951,0.041908629
1109.400024,0.042211197
1109.599976,0.042421535
1109.800049,0.042598024
1110,0.043012302
1110.199951,0.043518189
1110.400024,0.043877859
1110.599976,0.044279967
1110.800049,0.044557396
1111,0.04516124
1111.199951,0.045673825
1111.400024,0.046193965
1111.599976,0.04678452
1111.800049,0.047136266
1112,0.047924463
1112.199951,0.048431836
1112.400024,0.04917651
1112.599976,0.049723655
1112.800049,0.050474238
1113,0.051119521
1113.199951,0.051566355
1113.400024,0.052454095
1113.599976,0.053056031
1113.800049,0.053890888
1114,0.054691471
1114.199951,0.055481207
1114.400024,0.056333561
1114.599976,0.057575606
1114.800049,0.058453657
1115,0.059622329
1115.199951,0.060865708
1115.400024,0.062357865
1115.599976,0.063415498
1115.800049,0.064879537
1116,0.066711046
1116.199951,0.068154551
1116.400024,0.070118979
1116.599976,0.071570426
1116.800049,0.073887713
1117,0.075572744
1117.199951,0.078014486
1117.400024,0.079509765
1117.599976,0.082169019
1117.800049,0.084719345
1118,0.087190382
1118.199951,0.089361161
1118.400024,0.092627652
1118.599976,0.095156163
1118.800049,0.097934783
1119,0.100592777
1119.199951,0.103325188
1119.400024,0.107087113
1119.599976,0.109807111
1119.800049,0.113228589
1120,0.116066694
1120.199951,0.120123617
1120.400024,0.123104222
1120.599976,0.127045363
1120.800049,0.130282059
1121,0.135129124
1121.199951,0.13969034
1121.400024,0.143952474
1121.599976,0.148323461
1121.800049,0.152700916
1122,0.158405066
1122.199951,0.163223282
1122.400024,0.168839693
1122.599976,0.173994839
1122.800049,0.180931151
1123,0.186924279
1123.199951,0.193572298
1123.400024,0.199407429
1123.599976,0.206366956
1123.800049,0.21355623
1124,0.22108388
1124.199951,0.227835819
1124.400024,0.234868005
1124.599976,0.24360314
1124.800049,0.250392795
1125,0.258059025
1125.199951,0.264363229
1125.400024,0.273339778
1125.599976,0.280378789
1125.800049,0.288635224
1126,0.294983625
1126.199951,0.303562701
1126.400024,0.311536342
1126.599976,0.318989754
1126.800049,0.326292574
1127,0.333006322
1127.199951,0.341773301
1127.400024,0.348747253
1127.599976,0.356105357
1127.800049,0.362438858
1128,0.371414334
1128.199951,0.378714323
1128.400024,0.387178063
1128.599976,0.394808888
1128.800049,0.403656542
1129,0.412014872
1129.199951,0.421079069
1129.400024,0.428756475
1129.599976,0.437982529
1129.800049,0.448570907
1130,0.45749411
1130.199951,0.467390418
1130.400024,0.476304829
1130.599976,0.488288939
1130.800049,0.498018146
1131,0.510164559
1131.199951,0.520460188
1131.400024,0.534832776
1131.599976,0.547945142
1131.800049,0.561939299
1132,0.574732781
1132.199951,0.588799596
1132.400024,0.605051696
1132.599976,0.620216548
1132.800049,0.63672328
1133,0.651523531
1133.199951,0.672734082
1133.400024,0.691246271
1133.599976,0.711985409
1133.800049,0.7291646
1134,0.751800001
1134.199951,0.773293078
1134.400024,0.798588812
1134.599976,0.818859816
1134.800049,0.84568423
1135,0.873490334
1135.199951,0.898662329
1135.400024,0.927528381
1135.599976,0.95129025
1135.800049,0.983988285
1136,1.010888219
1136.199951,1.04319787
1136.400024,1.067887664
1136.599976,1.105186224
1136.800049,1.136913657
1137,1.17324245
1137.199951,1.201866508
1137.400024,1.236936212
1137.599976,1.274579525
1137.800049,1.306514502
1138,1.340957403
1138.199951,1.374836802
1138.400024,1.41869545
1138.599976,1.453845501
1138.800049,1.498609781
1139,1.53312254
1139.199951,1.579915881
1139.400024,1.622525096
1139.599976,1.67342186
1139.800049,1.713048458
1140,1.766571164
1140.199951,1.823912024
1140.400024,1.881809115
1140.599976,1.935539603
1140.800049,1.992392182
1141,2.062245607
1141.199951,2.124441147
1141.400024,2.193532228
1141.599976,2.253847599
1141.800049,2.344943523
1142,2.420595169
1142.199951,2.50477457
1142.400024,2.577804327
1142.599976,2.671882868
1142.800049,2.759617805
1143,2.849578381
1143.199951,2.930353165
1143.400024,3.018896818
1143.599976,3.131660461
1143.800049,3.217942715
1144,3.316204548
1144.199951,3.401023626
1144.400024,3.506033421
1144.599976,3.601531744
1144.800049,3.703866243
1145,3.794781446
1145.199951,3.907293558
1145.400024,4.022561073
1145.599976,4.125619888
1145.800049,4.238369465
1146,4.340954304
1146.199951,4.48225832
1146.400024,4.592758179
1146.599976,4.727765083
1146.800049,4.845870018
1147,5.013074875
1147.199951,5.163743019
1147.400024,5.33110857
1147.599976,5.485891342
1147.800049,5.652852058
1148,5.837612629
1148.199951,6.030099869
1148.400024,6.215632915
1148.599976,6.414548397
1148.800049,6.676766396
1149,6.888388157
1149.199951,7.142004967
1149.400024,7.345205307
1149.599976,7.634559155
1149.800049,7.882331848
1150,8.11229229
