Wavelength (nm),i
300,0.024426688
301,0.021054501
302,0.020234706
303,0.023264587
304,0.002567526
305,-0.000112721
306,0.000217801
307,0.000166167
308,-0.0000262
309,0.000745121
310,0.00153577
311,0.0000284
312,0.0000955
313,0.003320966
314,0.004594422
315,0.002273917
316,0.000363734
317,0.000150984
318,0.00511983
319,0.008465256
320,0.003124489
321,0.00067718
322,0.00069176
323,0.004749325
324,0.006909252
325,0.00035418
326,0.002402174
327,0.017963065
328,0.028349098
329,0.000107517
330,0.000099
331,0.00064149
332,-0.0000762
333,0.0000369
334,0.000291587
335,0.000277162
336,0.001168855
337,0.0000778
338,-0.000274564
339,0.000127799
340,-0.000358426
341,-0.00048044
342,0.0000649
343,-0.000119171
344,0.0000779
345,0.000465505
346,0.000922942
347,0.013057121
348,0.003858073
349,0.000222761
350,0.0000777
351,-0.000043
352,0.0000245
353,0.0000295
354,0.000265478
355,0.00612556
356,0.022025701
357,0.002022523
358,0.000128149
359,-0.0000675
360,-0.0000261
361,0.0000181
362,-0.0000423
363,-0.0000533
364,-0.000126
365,-0.0000275
366,0.0000416
367,-0.000104412
368,-0.0000321
369,-0.00000978
370,0.0000447
371,0.0000556
372,0.0000621
373,-0.0000505
374,-0.0000565
375,-0.0000634
376,-0.0000517
377,0.0000305
378,0.0000416
379,-0.0000929
380,-0.000042
381,-0.0000245
382,0.000258355
383,-0.0000303
384,-0.000118568
385,0.0000394
386,0.000368898
387,0.003150717
388,0.001266971
389,-0.0000603
390,-0.000120099
391,0.000154665
392,0.001226762
393,-0.0000482
394,-0.0000514
395,0.000301569
396,0.000417432
397,-0.0000514
398,0.000322817
399,0.0000353
400,0.000159755
401,0.001600867
402,0.000190202
403,0.003096739
404,0.001460301
405,0.002134132
406,0.001704829
407,0.0000241
408,0.0000935
409,0.0000896
410,-0.0000822
411,0.00000455
412,0.0000992
413,-0.00000412
414,0.00010807
415,0.000722501
416,0.0000889
417,0.0000129
418,0.000390068
419,0.000347555
420,0.00000958
421,0.00116221
422,0.002843325
423,0.001008666
424,0.004263366
425,0.001303529
426,0.000715772
427,0.000654914
428,0.000564121
429,0.001364113
430,0.000437486
431,0.000202754
432,0.001414965
433,0.002108067
434,0.001403841
435,0.002322997
436,0.001500318
437,0.000761201
438,0.000100976
439,-0.00000128
440,0.000128265
441,0.000115181
442,0.0000273
443,0.000384788
444,0.001249416
445,0.000224342
446,0.000120871
447,0.000958472
448,0.00061605
449,0.000237757
450,0.001856021
451,0.003877048
452,0.000605107
453,0.000217373
454,0.000104814
455,0.000107851
456,0.000240362
457,0.002116394
458,0.006012879
459,0.001784076
460,0.000724269
461,0.001559141
462,0.003875035
463,0.00240385
464,0.001759803
465,0.001210443
466,0.000297609
467,0.0000733
468,0.0000433
469,0.0000327
470,-0.0000533
471,-0.0000524
472,-0.0000848
473,-0.0000726
474,0.0000108
475,0.000136664
476,-0.0000517
477,-0.0000737
478,-0.000105587
479,-0.0000831
480,-0.0000711
481,-0.0000551
482,-0.0000656
483,-0.0000485
484,0.0000383
485,0.0000338
486,0.0000313
487,0.00016435
488,0.000208014
489,0.0000798
490,0.000135753
491,0.000331762
492,0.000260606
493,0.000117909
494,0.000121264
495,0.0000186
496,-0.0000321
497,-0.0000781
498,-0.0000633
499,-0.0000629
500,-0.0000336
501,0.000170372
502,0.000655634
503,0.000136312
504,-0.0000213
505,0.000074
506,0.000372289
507,0.000107104
508,-0.0000455
509,-0.0000611
510,0.0000186
511,0.0000266
512,-0.0000397
513,-0.0000607
514,-0.0000736
515,-0.0000836
516,-0.0000758
517,-0.0000404
518,0.0000733
519,0.001101342
520,0.001381765
521,0.00083728
522,0.002050793
523,0.004675689
524,0.001917853
525,0.00049028
526,0.000368423
527,0.00054336
528,0.000599519
529,0.000232755
530,0.0000435
531,-0.00000514
532,-0.00000459
533,0.000129743
534,0.000379119
535,0.000632978
536,0.000410493
537,0.000344827
538,0.000556946
539,0.0017398
540,0.003959227
541,0.004054387
542,0.004395301
543,0.005223026
544,0.002687956
545,0.001013555
546,0.000624367
547,0.000591634
548,0.000831339
549,0.000804028
550,0.000427322
551,0.00022028
552,0.0000942
553,0.0000612
554,0.0000489
555,0.0000716
556,0.000145629
557,0.000487218
558,0.002296831
559,0.011771852
560,0.0132795
561,0.007297047
562,0.005678118
563,0.003589303
564,0.00186386
565,0.00117991
566,0.001057358
567,0.001391739
568,0.002261848
569,0.003141976
570,0.00267634
571,0.001689409
572,0.001301093
573,0.001190572
574,0.001488587
575,0.002141319
576,0.003275476
577,0.004843588
578,0.0058866
579,0.005439543
580,0.004249337
581,0.00323857
582,0.00282856
583,0.002700567
584,0.002719438
585,0.002604477
586,0.002327572
587,0.001952783
588,0.001827791
589,0.001810811
590,0.002092223
591,0.002499322
592,0.002418822
593,0.0020935
594,0.001979626
595,0.001987403
596,0.002219076
597,0.002256695
598,0.001796034
599,0.001283197
600,0.000941112
601,0.00083225
602,0.0009517
603,0.001269638
604,0.002079166
605,0.003751363
606,0.006302631
607,0.007442183
608,0.006135
609,0.00426217
610,0.002818502
611,0.001997714
612,0.00163756
613,0.001558784
614,0.001704667
615,0.002201006
616,0.002852488
617,0.003204676
618,0.003104559
619,0.00294886
620,0.003102887
621,0.003758771
622,0.00470665
623,0.004821218
624,0.003762053
625,0.002729726
626,0.002362062
627,0.002564609
628,0.003520781
629,0.005681298
630,0.00823333
631,0.007404677
632,0.004941858
633,0.003422553
634,0.00303736
635,0.003216155
636,0.003604015
637,0.003710033
638,0.00347382
639,0.003057174
640,0.002698623
641,0.002620874
642,0.002688716
643,0.002683707
644,0.002564069
645,0.00229219
646,0.002226274
647,0.002326248
648,0.002680927
649,0.002989008
650,0.002637591
651,0.001749628
652,0.001100312
653,0.000704457
654,0.000551283
655,0.000466569
656,0.00045248
657,0.000574765
658,0.000831725
659,0.001454512
660,0.00331869
661,0.007337334
662,0.007473062
663,0.003923587
664,0.002160499
665,0.001540612
666,0.001308312
667,0.001252321
668,0.001284645
669,0.001352538
670,0.001443958
671,0.001515799
672,0.001511046
673,0.001560052
674,0.001625546
675,0.001757374
676,0.001973373
677,0.002532732
678,0.003428513
679,0.004919602
680,0.007875681
681,0.01384427
682,0.027312228
683,0.062349696
684,0.168534502
685,0.594860792
686,2.742765665
687,8.85379982
688,10.97631073
689,10.27577972
690,13.33252335
691,23.71955872
692,47.81746674
693,81.74074554
694,97.08810425
695,95.19728088
696,94.29193115
697,96.70442963
698,98.60012054
699,98.35684967
700,97.67707825
701,97.66310883
702,98.42447662
703,98.80497742
704,97.98104095
705,96.61820221
706,95.9885025
707,96.37662506
708,97.31092834
709,98.39134979
710,98.83865356
711,98.61751556
712,98.15117645
713,98.07348633
714,98.12724304
715,98.32936859
716,98.38463593
717,98.39455414
718,98.15235901
719,97.97606659
720,98.23410797
721,98.47343445
722,98.76325226
723,99.00243378
724,99.03561401
725,98.8223877
726,98.74351501
727,98.65283203
728,98.73036957
729,98.82377625
730,98.72688293
731,98.43691254
732,98.08011627
733,98.18579865
734,98.11756897
735,98.45298004
736,98.55386353
737,98.72258759
738,98.45296478
739,98.36153412
740,98.03395844
741,97.77198029
742,98.04397583
743,98.20418549
744,98.77999115
745,98.9565506
746,99.10113525
747,98.82820892
748,98.52067566
749,98.00506592
750,97.8085022
751,97.73062897
752,97.93066406
753,97.99324036
754,98.25058746
755,98.49966431
756,98.95057678
757,98.94943237
758,98.60218811
759,98.46263123
760,98.33863068
761,98.27559662
762,98.36010742
763,98.57175446
764,99.09736633
765,99.2302475
766,99.11911774
767,98.89639282
768,98.51141357
769,98.18945313
770,97.94309998
771,97.79153442
772,98.22995758
773,98.35671997
774,98.83546448
775,98.88462067
776,99.45552063
777,98.92149353
778,98.86287689
779,98.58580017
780,98.80215454
781,98.75140381
782,98.63865662
783,98.58917236
784,98.73052979
785,98.56007385
786,98.85699463
787,98.88083649
788,98.95080566
789,98.81912231
790,98.88867188
791,99.06047058
792,98.98287964
793,99.10419464
794,99.06759644
795,99.14601898
796,99.02646637
797,99.05863953
798,99.03980255
799,99.2722168
800,99.17684174
800,99.00469971
800.2000122,99.14415741
800.4000244,99.19563293
800.5999756,99.22935486
800.7999878,99.1922226
801,99.17449951
801.2000122,99.14270782
801.4000244,99.19642639
801.5999756,99.18521881
801.7999878,99.14558411
802,99.15117645
802.2000122,99.11925507
802.4000244,99.20931244
802.5999756,99.21916962
802.7999878,99.14791107
803,99.08760834
803.2000122,99.06291962
803.4000244,99.11517334
803.5999756,99.14211273
803.7999878,99.14437866
804,99.13300323
804.2000122,99.07538605
804.4000244,99.10923004
804.5999756,99.15265656
804.7999878,99.06513977
805,99.22805023
805.2000122,99.12210083
805.4000244,99.10198212
805.5999756,99.202034
805.7999878,99.16512299
806,99.12138367
806.2000122,99.15811157
806.4000244,99.13841248
806.5999756,99.14406586
806.7999878,99.12543488
807,99.03038025
807.2000122,99.13044739
807.4000244,99.10398102
807.5999756,99.04324341
807.7999878,99.10196686
808,99.07930756
808.2000122,99.07413483
808.4000244,99.09954071
808.5999756,99.07509613
808.7999878,99.06705475
809,99.04587555
809.2000122,99.09033203
809.4000244,99.08267212
809.5999756,99.06317902
809.7999878,99.03892517
810,99.11108398
810.2000122,99.01977539
810.4000244,99.07066345
810.5999756,99.12929535
810.7999878,99.03739166
811,99.00042725
811.2000122,99.0951767
811.4000244,99.03851318
811.5999756,99.03084564
811.7999878,99.131073
812,99.08139038
812.2000122,99.06293488
812.4000244,99.10430908
812.5999756,99.04666901
812.7999878,99.02450562
813,99.08001709
813.2000122,99.03718567
813.4000244,99.08582306
813.5999756,99.07730103
813.7999878,99.04862213
814,99.17470551
814.2000122,99.1271286
814.4000244,99.08943176
814.5999756,99.05995178
814.7999878,99.08421326
815,99.12029266
815.2000122,99.08405304
815.4000244,99.09566498
815.5999756,99.09695435
815.7999878,99.08050537
816,99.09225464
816.2000122,99.0611496
816.4000244,99.08854675
816.5999756,99.06931305
816.7999878,99.18990326
817,99.14246368
817.2000122,99.13049316
817.4000244,99.26299286
817.5999756,99.10382843
817.7999878,99.10359192
818,99.10591888
818.2000122,99.1246109
818.4000244,99.30007172
818.5999756,99.21183777
818.7999878,99.20059967
819,99.29988861
819.2000122,99.22103119
819.4000244,99.25271606
819.5999756,99.2827301
819.7999878,99.28081512
820,99.32650757
820.2000122,99.32870483
820.4000244,99.33714294
820.5999756,99.28645325
820.7999878,99.31448364
821,99.33027649
821.2000122,99.37480927
821.4000244,99.44020844
821.5999756,99.31437683
821.7999878,99.36727905
822,99.40084839
822.2000122,99.39125061
822.4000244,99.40419769
822.5999756,99.32189941
822.7999878,99.43747711
823,99.4574585
823.2000122,99.45394897
823.4000244,99.35877991
823.5999756,99.41929626
823.7999878,99.48822784
824,99.43190765
824.2000122,99.40094757
824.4000244,99.43187714
824.5999756,99.51158905
824.7999878,99.43658447
825,99.43366241
825.2000122,99.43579102
825.4000244,99.4258728
825.5999756,99.45567322
825.7999878,99.46672058
826,99.46843719
826.2000122,99.53466034
826.4000244,99.43092346
826.5999756,99.3820343
826.7999878,99.46760559
827,99.43643188
827.2000122,99.43667603
827.4000244,99.37892151
827.5999756,99.49924469
827.7999878,99.47612
828,99.41175842
828.2000122,99.28821564
828.4000244,99.32134247
828.5999756,99.42269135
828.7999878,99.32394409
829,99.24291992
829.2000122,99.16824341
829.4000244,99.14454651
829.5999756,99.05345917
829.7999878,98.92481232
830,98.92579651
830.2000122,98.7802887
830.4000244,98.64440918
830.5999756,98.53988647
830.7999878,98.26377869
831,98.06188965
831.2000122,97.86641693
831.4000244,97.62789917
831.5999756,97.4420929
831.7999878,97.02949524
832,96.73457336
832.2000122,96.37091827
832.4000244,96.03351593
832.5999756,95.57575226
832.7999878,95.14638519
833,94.63308716
833.2000122,94.24684143
833.4000244,93.62438965
833.5999756,93.03007507
833.7999878,92.49838257
834,91.84835815
834.2000122,91.19065094
834.4000244,90.42716217
834.5999756,89.73157501
834.7999878,89.09785461
835,88.40971375
835.2000122,87.47184753
835.4000244,86.71800232
835.5999756,85.78300476
835.7999878,85.10792542
836,84.0398407
836.2000122,83.18933868
836.4000244,82.20608521
836.5999756,81.37672424
836.7999878,80.21596527
837,79.14739227
837.2000122,78.05493927
837.4000244,77.09404755
837.5999756,76.0435257
837.7999878,74.85320282
838,73.81296539
838.2000122,72.56799316
838.4000244,71.59848022
838.5999756,70.26469421
838.7999878,69.19363403
839,67.91810608
839.2000122,66.80986023
839.4000244,65.47834015
839.5999756,64.28314972
839.7999878,62.96068954
840,61.89935684
840.2000122,60.68937683
840.4000244,59.32354355
840.5999756,58.15694427
840.7999878,56.96821213
841,55.92490005
841.2000122,54.47980881
841.4000244,53.293293
841.5999756,52.02820206
841.7999878,50.94775391
842,49.68946838
842.2000122,48.58408356
842.4000244,47.32133865
842.5999756,46.32000732
842.7999878,45.13818359
843,43.89969635
843.2000122,42.85959244
843.4000244,41.80324554
843.5999756,40.95985794
843.7999878,39.82451248
844,38.99045181
844.2000122,38.06549454
844.4000244,37.38998413
844.5999756,36.42280579
844.7999878,35.64066315
845,34.89116287
845.2000122,34.27139664
845.4000244,33.49180984
845.5999756,32.68247604
845.7999878,31.98179817
846,31.26974106
846.2000122,30.60301781
846.4000244,29.75297928
846.5999756,29.08399963
846.7999878,28.3406086
847,27.74845695
847.2000122,26.9872818
847.4000244,26.3433342
847.5999756,25.59657097
847.7999878,25.03505898
848,24.32444954
848.2000122,23.65065002
848.4000244,23.0232563
848.5999756,22.41476822
848.7999878,21.85337257
849,21.14598656
849.2000122,20.62877655
849.4000244,19.98561859
849.5999756,19.52232933
849.7999878,18.83196068
850,18.28999519
850.2000122,17.71196365
850.4000244,17.21711349
850.5999756,16.64251137
850.7999878,16.08496094
851,15.56030369
851.2000122,15.0716753
851.4000244,14.60046577
851.5999756,14.01974964
851.7999878,13.57689762
852,13.06074429
852.2000122,12.66605663
852.4000244,12.14406681
852.5999756,11.71640491
852.7999878,11.24662113
853,10.88416576
853.2000122,10.41181183
853.4000244,9.964546204
853.5999756,9.564513206
853.7999878,9.172764778
854,8.826524734
854.2000122,8.396497726
854.4000244,8.062651634
854.5999756,7.698742867
854.7999878,7.397337437
855,7.004209518
855.2000122,6.674033165
855.4000244,6.332887173
855.5999756,6.055562973
855.7999878,5.739583492
856,5.443919659
856.2000122,5.141025543
856.4000244,4.893141747
856.5999756,4.633877277
856.7999878,4.337359428
857,4.099605083
857.2000122,3.8566432
857.4000244,3.659642458
857.5999756,3.39974761
857.7999878,3.201363325
858,2.974112988
858.2000122,2.80732131
858.4000244,2.579711199
858.5999756,2.390407324
858.7999878,2.21816206
859,2.063205004
859.2000122,1.9095819
859.4000244,1.740613818
859.5999756,1.606718063
859.7999878,1.472271681
860,1.362327576
860.2000122,1.222839952
860.4000244,1.11633873
860.5999756,1.001903296
860.7999878,0.915183246
861,0.812175691
861.2000122,0.728192747
861.4000244,0.642291069
861.5999756,0.578642666
861.7999878,0.510110796
862,0.440511942
862.2000122,0.388125569
862.4000244,0.338351309
862.5999756,0.297763079
862.7999878,0.251244485
863,0.220392108
863.2000122,0.186773837
863.4000244,0.165908113
863.5999756,0.137729168
863.7999878,0.117840469
864,0.098911524
864.2000122,0.08530888
864.4000244,0.073416173
864.5999756,0.060921542
864.7999878,0.053947896
865,0.04627778
865.2000122,0.041398179
865.4000244,0.034664866
865.5999756,0.030120671
865.7999878,0.026414879
866,0.024422329
866.2000122,0.02077646
866.4000244,0.019163601
866.5999756,0.017362118
866.7999878,0.015622189
867,0.01330152
867.2000122,0.011995
867.4000244,0.011540526
867.5999756,0.009499039
867.7999878,0.009459817
868,0.008429282
868.2000122,0.007768873
868.4000244,0.007593814
868.5999756,0.00735798
868.7999878,0.006596665
869,0.005897135
869.2000122,0.006114163
869.4000244,0.005919222
869.5999756,0.0056351
869.7999878,0.004705081
870,0.004225662
870.2000122,0.004593667
870.4000244,0.004108851
870.5999756,0.003701218
870.7999878,0.004579939
871,0.003258888
871.2000122,0.003540913
871.4000244,0.00300158
871.5999756,0.002685233
871.7999878,0.003274575
872,0.002527031
872.2000122,0.00253722
872.4000244,0.002484044
872.5999756,0.001759522
872.7999878,0.002818936
873,0.002693175
873.2000122,0.002722099
873.4000244,0.001971702
873.5999756,0.001529899
873.7999878,0.002258761
874,0.002263713
874.2000122,0.001851987
874.4000244,0.001881731
874.5999756,0.001799804
874.7999878,0.001768073
875,0.001563482
875.2000122,0.001565677
875.4000244,0.001520504
875.5999756,0.001449783
875.7999878,0.001212589
876,0.00134161
876.2000122,0.001254179
876.4000244,0.001232617
876.5999756,0.001472874
876.7999878,0.00089533
877,0.000689026
877.2000122,0.001182489
877.4000244,0.001092058
877.5999756,0.000951527
877.7999878,0.001347087
878,0.000505312
878.2000122,0.000991686
878.4000244,0.001038846
878.5999756,0.001021504
878.7999878,0.001043468
879,0.001354135
879.2000122,0.001090195
879.4000244,0.001244197
879.5999756,0.000469193
879.7999878,0.000986094
880,0.000951849
880.2000122,0.00051296
880.4000244,0.000946382
880.5999756,0.000917947
880.7999878,0.000379539
881,0.001129527
881.2000122,0.000712018
881.4000244,0.000626521
881.5999756,0.000516767
881.7999878,0.000579095
882,0.00091367
882.2000122,0.000401683
882.4000244,0.00088884
882.5999756,0.000242015
882.7999878,0.000672467
883,0.000555828
883.2000122,0.000994341
883.4000244,0.000443531
883.5999756,0.000466925
883.7999878,0.000606224
884,0.000852245
884.2000122,0.000816406
884.4000244,0.00047216
884.5999756,0.000293451
884.7999878,0.000821259
885,0.000661972
885.2000122,0.000674024
885.4000244,0.000771035
885.5999756,0.000987119
885.7999878,0.000702692
886,0.001131245
886.2000122,0.000599269
886.4000244,0.000972055
886.5999756,0.001098093
886.7999878,0.001124968
887,0.000663496
887.2000122,0.000779915
887.4000244,0.001069517
887.5999756,0.000722329
887.7999878,0.000857864
888,0.001331204
888.2000122,0.000989373
888.4000244,0.001333768
888.5999756,0.001078209
888.7999878,0.001069094
889,0.001418859
889.2000122,0.001724481
889.4000244,0.001065623
889.5999756,0.001316081
889.7999878,0.001387729
890,0.001622535
890.2000122,0.001267592
890.4000244,0.001491287
890.5999756,0.001340131
890.7999878,0.00141017
891,0.001765801
891.2000122,0.001152452
891.4000244,0.001524247
891.5999756,0.001966955
891.7999878,0.001243468
892,0.001588239
892.2000122,0.00222025
892.4000244,0.001285062
892.5999756,0.001571298
892.7999878,0.00121905
893,0.001582182
893.2000122,0.001768984
893.4000244,0.001504487
893.5999756,0.001405047
893.7999878,0.001668211
894,0.001490891
894.2000122,0.001751333
894.4000244,0.001773955
894.5999756,0.001857366
894.7999878,0.00150779
895,0.001955356
895.2000122,0.001709421
895.4000244,0.00183592
895.5999756,0.001642791
895.7999878,0.001976804
896,0.001876693
896.2000122,0.001750226
896.4000244,0.001842633
896.5999756,0.001774676
896.7999878,0.002006552
897,0.001830549
897.2000122,0.002006685
897.4000244,0.002061887
897.5999756,0.00212475
897.7999878,0.002229118
898,0.002321762
898.2000122,0.002048941
898.4000244,0.002156919
898.5999756,0.001844396
898.7999878,0.002248864
899,0.002216876
899.2000122,0.00217418
899.4000244,0.002366788
899.5999756,0.002250449
899.7999878,0.002125958
900,0.002367725
900.2000122,0.002018339
900.4000244,0.001856283
900.5999756,0.002375926
900.7999878,0.002297212
901,0.002538478
901.2000122,0.001993041
901.4000244,0.002202289
901.5999756,0.002264504
901.7999878,0.001973739
902,0.002521792
902.2000122,0.002152273
902.4000244,0.002540266
902.5999756,0.002197059
902.7999878,0.002569841
903,0.002349047
903.2000122,0.002319851
903.4000244,0.002497709
903.5999756,0.002335989
903.7999878,0.002339311
904,0.00245318
904.2000122,0.002327587
904.4000244,0.002394655
904.5999756,0.002375207
904.7999878,0.002111641
905,0.00219751
905.2000122,0.002221524
905.4000244,0.002036388
905.5999756,0.002370724
905.7999878,0.00240098
906,0.002096151
906.2000122,0.002428439
906.4000244,0.001920324
906.5999756,0.002023141
906.7999878,0.00219659
907,0.002324052
907.2000122,0.001889479
907.4000244,0.002094317
907.5999756,0.001853619
907.7999878,0.001856171
908,0.001931363
908.2000122,0.00203723
908.4000244,0.002013209
908.5999756,0.001837494
908.7999878,0.001630949
909,0.001748694
909.2000122,0.001710005
909.4000244,0.001790742
909.5999756,0.001913988
909.7999878,0.001673263
910,0.00176714
910.2000122,0.00166144
910.4000244,0.001539894
910.5999756,0.001302789
910.7999878,0.001553389
911,0.001642943
911.2000122,0.001475172
911.4000244,0.001490095
911.5999756,0.001204681
911.7999878,0.001399797
912,0.001448674
912.2000122,0.001339878
912.4000244,0.001450803
912.5999756,0.001333561
912.7999878,0.001257331
913,0.001125473
913.2000122,0.001333346
913.4000244,0.001208165
913.5999756,0.001407903
913.7999878,0.0012823
914,0.001167711
914.2000122,0.001343392
914.4000244,0.001041787
914.5999756,0.001011694
914.7999878,0.00104035
915,0.000923207
915.2000122,0.00101891
915.4000244,0.000994502
915.5999756,0.001013663
915.7999878,0.000918531
916,0.000917478
916.2000122,0.001046994
916.4000244,0.000847742
916.5999756,0.000829667
916.7999878,0.000831665
917,0.000870668
917.2000122,0.000688571
917.4000244,0.000624683
917.5999756,0.000594458
917.7999878,0.000708533
918,0.00071509
918.2000122,0.000754368
918.4000244,0.000759412
918.5999756,0.000917061
918.7999878,0.000664819
919,0.000586169
919.2000122,0.000696165
919.4000244,0.000633021
919.5999756,0.000577125
919.7999878,0.000560843
920,0.000649308
920.2000122,0.000554658
920.4000244,0.000448734
920.5999756,0.000428279
920.7999878,0.000430621
921,0.000420688
921.2000122,0.000435773
921.4000244,0.00052736
921.5999756,0.000336158
921.7999878,0.000421056
922,0.000451712
922.2000122,0.00036691
922.4000244,0.000235394
922.5999756,0.000343447
922.7999878,0.000488998
923,0.000410005
923.2000122,0.000403649
923.4000244,0.00036565
923.5999756,0.000311337
923.7999878,0.000301939
924,0.000228006
924.2000122,0.000151907
924.4000244,0.0001621
924.5999756,0.000197126
924.7999878,0.000236145
925,0.000213304
925.2000122,0.000331758
925.4000244,0.000180196
925.5999756,0.000089
925.7999878,0.000120124
926,0.000139227
926.2000122,0.000172819
926.4000244,-0.0000137
926.5999756,0.000197156
926.7999878,0.00023698
927,0.000112492
927.2000122,0.000210975
927.4000244,0.0000979
927.5999756,0.0000716
927.7999878,0.000169359
928,0.000156551
928.2000122,0.000196671
928.4000244,0.000107288
928.5999756,0.0000107
928.7999878,0.000286092
929,0.000244681
929.2000122,0.000145838
929.4000244,0.000218972
929.5999756,0.000120072
929.7999878,-0.0000495
930,0.000210196
930.2000122,0.000286327
930.4000244,0.00015048
930.5999756,0.000118144
930.7999878,0.000131142
931,0.00000533
931.2000122,-0.0000446
931.4000244,0.000271437
931.5999756,0.0000583
931.7999878,0.0000521
932,0.000290107
932.2000122,0.0000365
932.4000244,0.000138965
932.5999756,0.000248133
932.7999878,0.000137021
933,0.000135293
933.2000122,0.000211728
933.4000244,0.0000703
933.5999756,0.000106666
933.7999878,0.000122371
934,0.0000933
934.2000122,-0.0000304
934.4000244,0.0000928
934.5999756,0.000245564
934.7999878,-0.0000642
935,0.0000588
935.2000122,0.000173936
935.4000244,0.000155973
935.5999756,0.000120556
935.7999878,0.0000864
936,-0.0000038
936.2000122,0.000137835
936.4000244,0.000290267
936.5999756,0.000129911
936.7999878,0.0000981
937,-0.000023
937.2000122,0.000160785
937.4000244,0.0000879
937.5999756,0.0000737
937.7999878,-0.000018
938,0.00015133
938.2000122,0.000212165
938.4000244,-0.00000203
938.5999756,0.000131584
938.7999878,0.000218973
939,0.000046
939.2000122,-0.0000141
939.4000244,0.0000883
939.5999756,0.000107999
939.7999878,0.000219066
940,0.000175231
940.2000122,0.000055
940.4000244,0.000118939
940.5999756,-0.00000155
940.7999878,0.0000886
941,0.000178642
941.2000122,0.000086
941.4000244,0.000117298
941.5999756,0.000105309
941.7999878,0.0000334
942,0.0000815
942.2000122,-0.0000306
942.4000244,0.000207147
942.5999756,0.000135164
942.7999878,0.0000453
943,0.0001214
943.2000122,0.000297611
943.4000244,0.000214041
943.5999756,0.0000322
943.7999878,-0.00000574
944,-0.0000413
944.2000122,0.000074
944.4000244,0.000284479
944.5999756,-0.0000382
944.7999878,0.00021696
945,0.0000302
945.2000122,0.0000278
945.4000244,0.0000946
945.5999756,0.0000965
945.7999878,0.000124776
946,0.000120527
946.2000122,0.00026222
946.4000244,-0.0000253
946.5999756,0.0000559
946.7999878,0.000172683
947,-0.0000485
947.2000122,0.000163545
947.4000244,0.000159526
947.5999756,0.000173856
947.7999878,0.000227408
948,0.0000482
948.2000122,0.000111046
948.4000244,0.000129657
948.5999756,0.0000923
948.7999878,0.000113376
949,0.000243593
949.2000122,-0.0000174
949.4000244,0.000179679
949.5999756,0.0000567
949.7999878,0.000205381
950,0.000266939
950.2000122,0.000224094
950.4000244,-0.0000173
950.5999756,0.000176006
950.7999878,0.000160998
951,0.0000203
951.2000122,0.000212988
951.4000244,0.000105155
951.5999756,0.00013929
951.7999878,0.000153403
952,0.0000729
952.2000122,0.000132447
952.4000244,0.000176262
952.5999756,0.000100969
952.7999878,0.000196957
953,0.000237223
953.2000122,0.000185348
953.4000244,0.0000408
953.5999756,0.0000805
953.7999878,-0.000101746
954,0.000283333
954.2000122,0.000200579
954.4000244,0.000128
954.5999756,0.000148708
954.7999878,0.0000294
955,-0.00000664
955.2000122,-0.000000352
955.4000244,0.0000859
955.5999756,0.000268939
955.7999878,0.000327623
956,-0.000118874
956.2000122,-0.0000786
956.4000244,0.0000816
956.5999756,0.0000348
956.7999878,0.00032783
957,0.000187131
957.2000122,0.0000115
957.4000244,0.0000846
957.5999756,0.000116635
957.7999878,0.000167863
958,0.000211323
958.2000122,0.000188482
958.4000244,0.00004
958.5999756,0.000191976
958.7999878,0.000111714
959,0.0000534
959.2000122,0.000125115
959.4000244,0.000169038
959.5999756,0.0000245
959.7999878,0.000255803
960,-0.0000613
960.2000122,0.000135214
960.4000244,0.000166612
960.5999756,-0.0000193
960.7999878,0.0000406
961,0.000287889
961.2000122,0.000113087
961.4000244,0.000102355
961.5999756,0.0000449
961.7999878,0.000125404
962,0.00000329
962.2000122,0.0000476
962.4000244,0.0000672
962.5999756,0.000174034
962.7999878,0.0000153
963,-0.0000226
963.2000122,0.0000805
963.4000244,0.000155428
963.5999756,0.0000158
963.7999878,0.0000887
964,-0.0000908
964.2000122,0.0000781
964.4000244,0.0000594
964.5999756,0.00000448
964.7999878,0.0000688
965,-0.0000253
965.2000122,0.0000383
965.4000244,0.000159897
965.5999756,-0.0000772
965.7999878,0.0000141
966,-0.000000483
966.2000122,0.000229375
966.4000244,0.0000494
966.5999756,0.0000738
966.7999878,0.0000516
967,-0.0000216
967.2000122,0.00000985
967.4000244,0.0000868
967.5999756,0.0000882
967.7999878,0.000101314
968,0.000011
968.2000122,-0.0000782
968.4000244,0.0000602
968.5999756,-0.0000383
968.7999878,-0.000124017
969,-0.000104207
969.2000122,0.0000736
969.4000244,-0.0000136
969.5999756,-0.0000371
969.7999878,0.0000154
970,-0.000025
970.2000122,0.0000801
970.4000244,-0.0000741
970.5999756,-0.0000265
970.7999878,0.0000126
971,0.0000917
971.2000122,0.00012612
971.4000244,-0.0000321
971.5999756,0.000142934
971.7999878,-0.0000199
972,0.0000477
972.2000122,0.000122183
972.4000244,0.0000439
972.5999756,0.0000519
972.7999878,0.0000839
973,0.0000692
973.2000122,0.000200562
973.4000244,0.000202901
973.5999756,0.0000269
973.7999878,-0.0000622
974,0.0000782
974.2000122,0.000151409
974.4000244,0.000114782
974.5999756,0.00011893
974.7999878,-0.0000105
975,0.0000389
975.2000122,-0.000003
975.4000244,0.00020909
975.5999756,0.000133902
975.7999878,0.000231922
976,-0.0000375
976.2000122,0.0000162
976.4000244,0.0000852
976.5999756,0.00000622
976.7999878,0.0000937
977,0.0000712
977.2000122,-0.0000395
977.4000244,0.000240612
977.5999756,-0.0000387
977.7999878,0.0000162
978,0.0000136
978.2000122,0.0000894
978.4000244,-0.0000724
978.5999756,0.0000395
978.7999878,0.0000424
979,0.0000904
979.2000122,0.000162476
979.4000244,-0.000002
979.5999756,-0.00000685
979.7999878,0.000201295
980,0.000166077
980.2000122,-0.00000531
980.4000244,-0.00000417
980.5999756,0.000143927
980.7999878,0.00000144
981,0.0000663
981.2000122,0.000282792
981.4000244,0.000216484
981.5999756,0.0000835
981.7999878,0.000169981
982,-0.0000582
982.2000122,0.000101898
982.4000244,0.0000136
982.5999756,-0.0000299
982.7999878,0.000151488
983,0.000158381
983.2000122,0.000122237
983.4000244,0.000128497
983.5999756,-0.0000679
983.7999878,0.0000534
984,-0.0000279
984.2000122,-0.0000766
984.4000244,0.0000731
984.5999756,0.0000939
984.7999878,0.000213357
985,0.0000872
985.2000122,0.000150799
985.4000244,0.00000769
985.5999756,-0.0000531
985.7999878,0.00015203
986,-0.0000897
986.2000122,0.0000388
986.4000244,0.000106956
986.5999756,0.000031
986.7999878,-0.000120146
987,0.000286541
987.2000122,0.000194064
987.4000244,0.00000703
987.5999756,0.0000785
987.7999878,0.000137621
988,0.000120895
988.2000122,0.0000162
988.4000244,0.0000494
988.5999756,0.000104031
988.7999878,0.0000414
989,-0.00000241
989.2000122,0.0000252
989.4000244,0.000168379
989.5999756,0.000289714
989.7999878,0.0000073
990,0.0000955
990.2000122,-0.0000493
990.4000244,0.0000875
990.5999756,0.000164884
990.7999878,0.0000267
991,0.000104848
991.2000122,0.0001445
991.4000244,-0.0000363
991.5999756,-0.0000311
991.7999878,0.0000917
992,0.0000222
992.2000122,-0.0000972
992.4000244,0.0000832
992.5999756,0.000165548
992.7999878,-0.0000141
993,0.0000687
993.2000122,0.000177624
993.4000244,0.000029
993.5999756,0.000153169
993.7999878,0.000249468
994,0.000111453
994.2000122,0.000046
994.4000244,0.0000662
994.5999756,-0.0000209
994.7999878,0.0000441
995,0.00014552
995.2000122,0.00023695
995.4000244,-0.0000392
995.5999756,0.0000165
995.7999878,0.000115702
996,-0.0000547
996.2000122,-0.0000716
996.4000244,0.000187196
996.5999756,0.000119681
996.7999878,0.00010561
997,0.0000793
997.2000122,0.000157139
997.4000244,0.000157698
997.5999756,-0.000025
997.7999878,0.000126382
998,0.000119327
998.2000122,0.0000244
998.4000244,0.00011466
998.5999756,0.000221922
998.7999878,0.0000899
999,0.000126634
999.2000122,-0.00000925
999.4000244,-0.000000352
999.5999756,0.000062
999.7999878,0.0000198
1000,0.000126708
1000.200012,0.000146846
1000.400024,0.000171477
1000.599976,0.000148976
1000.799988,-0.000154266
1001,-0.0000812
1001.200012,-0.0000134
1001.400024,-0.0000865
1001.599976,0.00000858
1001.799988,0.0000412
1002,-0.0000612
1002.200012,-0.0000023
1002.400024,0.000119299
1002.599976,-0.0000419
1002.799988,0.0001004
1003,0.000345928
1003.200012,-0.0000357
1003.400024,-0.000133921
1003.599976,0.0000986
1003.799988,-0.0000101
1004,0.000168156
1004.200012,0.000134381
1004.400024,-0.000106356
1004.599976,0.0000767
1004.799988,0.00012704
1005,-0.000048
1005.200012,0.0000793
1005.400024,-0.0000478
1005.599976,0.00000238
1005.799988,0.000123742
1006,0.0000611
1006.200012,0.0000257
1006.400024,-0.000118625
1006.599976,-0.0000407
1006.799988,0.000127615
1007,0.0000939
1007.200012,-0.0000554
1007.400024,0.000089
1007.599976,0.000193544
1007.799988,0.0000124
1008,0.000146308
1008.200012,0.0000424
1008.400024,0.0000237
1008.599976,0.000067
1008.799988,0.000132338
1009,0.0000619
1009.200012,0.000125782
1009.400024,0.000249357
1009.599976,0.0000772
1009.799988,-0.0000135
1010,0.00000759
1010.200012,-0.000128458
1010.400024,-0.00000284
1010.599976,0.000279126
1010.799988,0.000159214
1011,0.000144431
1011.200012,0.000116394
1011.400024,0.000170473
1011.599976,-0.00002
1011.799988,0.000119937
1012,0.0000883
1012.200012,0.0000738
1012.400024,0.000116205
1012.599976,0.00025118
1012.799988,-0.0000954
1013,0.00011624
1013.200012,0.0000581
1013.400024,-0.00000269
1013.599976,0.000104669
1013.799988,-0.0000814
1014,0.0000781
1014.200012,0.0000182
1014.400024,0.000106342
1014.599976,0.000259963
1014.799988,-0.000024
1015,0.000216979
1015.200012,0.0000495
1015.400024,0.000135737
1015.599976,0.0000675
1015.799988,0.0000997
1016,-0.00000795
1016.200012,0.000212444
1016.400024,0.0000409
1016.599976,-0.0000149
1016.799988,-0.00000453
1017,0.0000487
1017.200012,0.000127449
1017.400024,0.000107132
1017.599976,-0.000130582
1017.799988,0.00019057
1018,0.000183775
1018.200012,0.0000708
1018.400024,0.000149031
1018.599976,0.000118392
1018.799988,0.000104898
1019,0.0000519
1019.200012,0.00012235
1019.400024,0.000106238
1019.599976,0.0000699
1019.799988,0.000131045
1020,0.0000474
1020.200012,0.0000986
1020.400024,-0.00000406
1020.599976,0.000192177
1020.799988,0.000102976
1021,0.0000623
1021.200012,0.000194704
1021.400024,-0.000029
1021.599976,0.0000918
1021.799988,0.000201895
1022,-0.0000152
1022.200012,-0.0000029
1022.400024,0.0000439
1022.599976,0.0000878
1022.799988,0.0000259
1023,0.000172258
1023.200012,-0.0000452
1023.400024,0.00005
1023.599976,0.000126592
1023.799988,0.000104759
1024,0.0000706
1024.199951,0.000119734
1024.400024,-0.0000623
1024.599976,0.0000235
1024.800049,-0.0000708
1025,0.0000147
1025.199951,-0.00012744
1025.400024,0.00012235
1025.599976,0.0000955
1025.800049,0.0000829
1026,0.000097
1026.199951,0.00011771
1026.400024,0.0000409
1026.599976,0.000109127
1026.800049,0.0000692
1027,0.000182762
1027.199951,-0.00000924
1027.400024,-0.00000604
1027.599976,-0.000075
1027.800049,0.00004
1028,0.000185491
1028.199951,-0.0000105
1028.400024,0.0000847
1028.599976,0.0000344
1028.800049,0.0000126
1029,0.0000577
1029.199951,-0.000000383
1029.400024,0.000150785
1029.599976,-0.0000542
1029.800049,0.0000449
1030,-0.0000659
1030.199951,0.000032
1030.400024,0.00010172
1030.599976,0.000101554
1030.800049,-0.0000233
1031,0.000000598
1031.199951,0.0000437
1031.400024,0.000167239
1031.599976,0.000026
1031.800049,0.000211728
1032,0.0000464
1032.199951,0.0000796
1032.400024,0.0000188
1032.599976,0.000128597
1032.800049,0.000139236
1033,0.000161691
1033.199951,0.0000893
1033.400024,0.0000671
1033.599976,0.0000625
1033.800049,0.0000401
1034,0.0000578
1034.199951,-0.0000991
1034.400024,0.000170015
1034.599976,0.00012506
1034.800049,-0.0000942
1035,0.0000727
1035.199951,0.0000628
1035.400024,-0.0000663
1035.599976,0.000243369
1035.800049,-0.000028
1036,0.0000935
1036.199951,0.0000365
1036.400024,0.0000679
1036.599976,-0.000177491
1036.800049,0.0000529
1037,0.000109686
1037.199951,0.0000624
1037.400024,0.0000338
1037.599976,0.0000748
1037.800049,0.0000439
1038,0.0000942
1038.199951,0.0000324
1038.400024,0.0000497
1038.599976,0.000122172
1038.800049,-0.0000123
1039,0.0000568
1039.199951,0.00000356
1039.400024,0.00016486
1039.599976,0.0000327
1039.800049,0.0000917
1040,0.00015769
1040.199951,0.000180926
1040.400024,0.000112309
1040.599976,-0.0000607
1040.800049,-0.000106359
1041,0.000164498
1041.199951,0.0000122
1041.400024,0.000157101
1041.599976,0.000127662
1041.800049,0.0000322
1042,0.000135907
1042.199951,-0.00000922
1042.400024,0.000118739
1042.599976,0.0000917
1042.800049,0.000245713
1043,0.000194009
1043.199951,0.000279189
1043.400024,0.00000781
1043.599976,0.000228491
1043.800049,0.000408057
1044,0.000251104
1044.199951,0.0000985
1044.400024,0.000202164
1044.599976,0.000234184
1044.800049,0.000132059
1045,0.000184013
1045.199951,0.00043046
1045.400024,0.000274477
1045.599976,0.000205991
1045.800049,0.000223769
1046,0.000245736
1046.199951,0.000157663
1046.400024,0.00038635
1046.599976,0.000246679
1046.800049,0.00039851
1047,0.000208076
1047.199951,0.00028642
1047.400024,0.00034831
1047.599976,0.000332937
1047.800049,0.000297263
1048,0.00043411
1048.199951,0.000424995
1048.400024,0.000485566
1048.599976,0.000483231
1048.800049,0.000410965
1049,0.000407886
1049.199951,0.000359838
1049.400024,0.000576654
1049.599976,0.00056449
1049.800049,0.000618973
1050,0.000572644
1050.199951,0.00060004
1050.400024,0.000506437
1050.599976,0.000773789
1050.800049,0.000632445
1051,0.000706667
1051.199951,0.000695786
1051.400024,0.000849738
1051.599976,0.000813795
1051.800049,0.000729132
1052,0.000784437
1052.199951,0.000829413
1052.400024,0.000705027
1052.599976,0.000895239
1052.800049,0.000822218
1053,0.001115054
1053.199951,0.000913516
1053.400024,0.001142636
1053.599976,0.001107299
1053.800049,0.001136695
1054,0.001249594
1054.199951,0.001289886
1054.400024,0.001294544
1054.599976,0.001375271
1054.800049,0.001517684
1055,0.001375374
1055.199951,0.001530046
1055.400024,0.001790803
1055.599976,0.001910258
1055.800049,0.00181353
1056,0.001957432
1056.199951,0.00204122
1056.400024,0.002279094
1056.599976,0.00245339
1056.800049,0.002627186
1057,0.002946944
1057.199951,0.003245797
1057.400024,0.003438251
1057.599976,0.003976776
1057.800049,0.004552891
1058,0.004979048
1058.199951,0.005459789
1058.400024,0.006366759
1058.599976,0.006794961
1058.800049,0.007391188
1059,0.008057707
1059.199951,0.008878704
1059.400024,0.009689
1059.599976,0.010362024
1059.800049,0.011144038
1060,0.011743853
1060.199951,0.012471961
1060.400024,0.013248567
1060.599976,0.014194778
1060.800049,0.014804446
1061,0.015752325
1061.199951,0.016509518
1061.400024,0.01723947
1061.599976,0.018100144
1061.800049,0.019067489
1062,0.019660275
1062.199951,0.020623274
1062.400024,0.021635182
1062.599976,0.022418246
1062.800049,0.023281829
1063,0.024050767
1063.199951,0.025014371
1063.400024,0.025835004
1063.599976,0.026812129
1063.800049,0.02768255
1064,0.028829634
1064.199951,0.029547486
1064.400024,0.030416539
1064.599976,0.031492624
1064.800049,0.032135453
1065,0.033074446
1065.199951,0.033869408
1065.400024,0.034409828
1065.599976,0.035229024
1065.800049,0.036051594
1066,0.03680734
1066.199951,0.037348762
1066.400024,0.037998367
1066.599976,0.038865402
1066.800049,0.039632425
1067,0.040184613
1067.199951,0.04090279
1067.400024,0.041598089
1067.599976,0.042025644
1067.800049,0.042700477
1068,0.043164726
1068.199951,0.044009019
1068.400024,0.044560242
1068.599976,0.045020923
1068.800049,0.045432366
1069,0.04576816
1069.199951,0.046192091
1069.400024,0.046674848
1069.599976,0.046815202
1069.800049,0.046863642
1070,0.046852808
1070.199951,0.046794042
1070.400024,0.046543326
1070.599976,0.046220802
1070.800049,0.045856334
1071,0.045499504
1071.199951,0.044973928
1071.400024,0.044399116
1071.599976,0.044039711
1071.800049,0.043376893
1072,0.042713985
1072.199951,0.042111713
1072.400024,0.041550044
1072.599976,0.041101404
1072.800049,0.040331323
1073,0.039615005
1073.199951,0.038891066
1073.400024,0.038635388
1073.599976,0.037758507
1073.800049,0.037206743
1074,0.0365481
1074.199951,0.036121845
1074.400024,0.035355315
1074.599976,0.034746539
1074.800049,0.034043688
1075,0.033424269
1075.199951,0.032913584
1075.400024,0.032085638
1075.599976,0.031521358
1075.800049,0.03087444
1076,0.030304754
1076.199951,0.02962192
1076.400024,0.028810339
1076.599976,0.028378667
1076.800049,0.027686022
1077,0.02712599
1077.199951,0.026461106
1077.400024,0.026023205
1077.599976,0.02551282
1077.800049,0.024659783
1078,0.02422712
1078.199951,0.0238517
1078.400024,0.02334765
1078.599976,0.022938475
1078.800049,0.022359176
1079,0.022084482
1079.199951,0.021668416
1079.400024,0.021367909
1079.599976,0.021142809
1079.800049,0.020937458
1080,0.020736841
1080.199951,0.020574244
1080.400024,0.020629697
1080.599976,0.020399047
1080.800049,0.02066596
1081,0.020783769
1081.199951,0.020946227
1081.400024,0.021340285
1081.599976,0.021689499
1081.800049,0.022149561
1082,0.022551943
1082.199951,0.023195967
1082.400024,0.023924539
1082.599976,0.024539217
1082.800049,0.025115132
1083,0.025975337
1083.199951,0.026914047
1083.400024,0.027749579
1083.599976,0.028711542
1083.800049,0.029498449
1084,0.030416347
1084.199951,0.031454161
1084.400024,0.032443255
1084.599976,0.033290599
1084.800049,0.034704946
1085,0.035760738
1085.199951,0.037199162
1085.400024,0.038114093
1085.599976,0.039656866
1085.800049,0.041003149
1086,0.042247437
1086.199951,0.043916766
1086.400024,0.045224823
1086.599976,0.046909682
1086.800049,0.048370462
1087,0.049990527
1087.199951,0.051384397
1087.400024,0.053386461
1087.599976,0.054778285
1087.800049,0.0565999
1088,0.057990137
1088.199951,0.059966598
1088.400024,0.061317567
1088.599976,0.062950172
1088.800049,0.064410947
1089,0.065980077
1089.199951,0.06777849
1089.400024,0.069307707
1089.599976,0.070980787
1089.800049,0.072149493
1090,0.074009679
1090.199951,0.075405099
1090.400024,0.077372581
1090.599976,0.078777447
1090.800049,0.080644488
1091,0.082195908
1091.199951,0.084264658
1091.400024,0.085873835
1091.599976,0.087907389
1091.800049,0.089943714
1092,0.092201613
1092.199951,0.094186679
1092.400024,0.096326478
1092.599976,0.098880231
1092.800049,0.10087914
1093,0.103382498
1093.199951,0.105368227
1093.400024,0.108461022
1093.599976,0.110779308
1093.800049,0.113751859
1094,0.115924873
1094.199951,0.11848399
1094.400024,0.121003933
1094.599976,0.123588517
1094.800049,0.125865012
1095,0.127974078
1095.199951,0.130783528
1095.400024,0.133045182
1095.599976,0.135282233
1095.800049,0.137135729
1096,0.139630213
1096.199951,0.14150095
1096.400024,0.143607602
1096.599976,0.145587713
1096.800049,0.147533283
1097,0.14965643
1097.199951,0.151510268
1097.400024,0.153092682
1097.599976,0.154879078
1097.800049,0.156998754
1098,0.158509553
1098.199951,0.160319001
1098.400024,0.16151081
1098.599976,0.163595319
1098.800049,0.165145397
1099,0.166699633
1099.199951,0.168029815
1099.400024,0.169610456
1099.599976,0.171005324
1099.800049,0.17276004
1100,0.173492521
1100.199951,0.174901903
1100.400024,0.176182419
1100.599976,0.177121744
1100.800049,0.178012237
1101,0.178827897
1101.199951,0.179715797
1101.400024,0.180191487
1101.599976,0.180693969
1101.800049,0.180938333
1102,0.181330279
1102.199951,0.18126981
1102.400024,0.181195959
1102.599976,0.18105191
1102.800049,0.180748969
1103,0.180307329
1103.199951,0.179699302
1103.400024,0.178998783
1103.599976,0.178247005
1103.800049,0.177000165
1104,0.17562753
1104.199951,0.174420834
1104.400024,0.173020199
1104.599976,0.170903951
1104.800049,0.169146046
1105,0.167116389
1105.199951,0.165313736
1105.400024,0.162836701
1105.599976,0.160092637
1105.800049,0.157856703
1106,0.155288324
1106.199951,0.153154209
1106.400024,0.149695933
1106.599976,0.147204623
1106.800049,0.14410153
1107,0.141741037
1107.199951,0.138464421
1107.400024,0.13538143
1107.599976,0.132303238
1107.800049,0.129781082
1108,0.12699908
1108.199951,0.123745389
1108.400024,0.121042445
1108.599976,0.118265286
1108.800049,0.115943395
1109,0.112747423
1109.199951,0.110330343
1109.400024,0.107403882
1109.599976,0.10530854
1109.800049,0.102452062
1110,0.100093208
1110.199951,0.097019613
1110.400024,0.095134109
1110.599976,0.092504486
1110.800049,0.089588143
1111,0.087090433
1111.199951,0.084596857
1111.400024,0.082473382
1111.599976,0.079601087
1111.800049,0.077229433
1112,0.07484135
1112.199951,0.072763927
1112.400024,0.069947131
1112.599976,0.067374393
1112.800049,0.064842448
1113,0.063037984
1113.199951,0.060539372
1113.400024,0.058301032
1113.599976,0.056238972
1113.800049,0.054493278
1114,0.052905839
1114.199951,0.050709985
1114.400024,0.049008172
1114.599976,0.04759245
1114.800049,0.046184018
1115,0.044846594
1115.199951,0.043790478
1115.400024,0.042857282
1115.599976,0.041717764
1115.800049,0.040818132
1116,0.040141549
1116.199951,0.039411131
1116.400024,0.038831674
1116.599976,0.038339216
1116.800049,0.038027145
1117,0.037713017
1117.199951,0.037584115
1117.400024,0.037377466
1117.599976,0.037258029
1117.800049,0.037272945
1118,0.037104648
1118.199951,0.037112385
1118.400024,0.037551597
1118.599976,0.037582889
1118.800049,0.037729159
1119,0.037921537
1119.199951,0.038249575
1119.400024,0.038694702
1119.599976,0.039108183
1119.800049,0.039609462
1120,0.040129621
1120.199951,0.040808782
1120.400024,0.04145341
1120.599976,0.042134307
1120.800049,0.042809475
1121,0.044067431
1121.199951,0.045412704
1121.400024,0.046257105
1121.599976,0.047460321
1121.800049,0.04865279
1122,0.050343934
1122.199951,0.051767584
1122.400024,0.053718358
1122.599976,0.055275507
1122.800049,0.057618804
1123,0.059723027
1123.199951,0.062182568
1123.400024,0.064485833
1123.599976,0.066929616
1123.800049,0.069660291
1124,0.072890081
1124.199951,0.075488523
1124.400024,0.078524552
1124.599976,0.082454108
1124.800049,0.085705914
1125,0.089482494
1125.199951,0.092419863
1125.400024,0.097043641
1125.599976,0.100422382
1125.800049,0.104977734
1126,0.108308889
1126.199951,0.1131761
1126.400024,0.118041374
1126.599976,0.122302398
1126.800049,0.126686662
1127,0.130887792
1127.199951,0.136750445
1127.400024,0.141422018
1127.599976,0.14635174
1127.800049,0.15047656
1128,0.156722888
1128.199951,0.161799118
1128.400024,0.167398527
1128.599976,0.172674969
1128.800049,0.178984478
1129,0.185012266
1129.199951,0.191563711
1129.400024,0.197007805
1129.599976,0.203122973
1129.800049,0.210777506
1130,0.216819301
1130.199951,0.223915309
1130.400024,0.230260432
1130.599976,0.238418743
1130.800049,0.245041654
1131,0.253260642
1131.199951,0.260014951
1131.400024,0.269173235
1131.599976,0.277685821
1131.800049,0.286686063
1132,0.294694543
1132.199951,0.303534478
1132.400024,0.313405126
1132.599976,0.322263539
1132.800049,0.331638634
1133,0.340014935
1133.199951,0.351877868
1133.400024,0.362235963
1133.599976,0.373641998
1133.800049,0.382692158
1134,0.394370228
1134.199951,0.405338556
1134.400024,0.417578578
1134.599976,0.427325338
1134.800049,0.43970263
1135,0.452568144
1135.199951,0.463719755
1135.400024,0.475685954
1135.599976,0.48530075
1135.800049,0.498056889
1136,0.508107543
1136.199951,0.51992476
1136.400024,0.528927445
1136.599976,0.541494191
1136.800049,0.551859796
1137,0.563035667
1137.199951,0.571107745
1137.400024,0.580708563
1137.599976,0.59082669
1137.800049,0.599179685
1138,0.607574284
1138.199951,0.615496695
1138.400024,0.625357747
1138.599976,0.632889211
1138.800049,0.642212451
1139,0.649403095
1139.199951,0.658964992
1139.400024,0.66774559
1139.599976,0.677986741
1139.800049,0.686111689
1140,0.696441412
1140.199951,0.707965791
1140.400024,0.719455838
1140.599976,0.729948521
1140.800049,0.742004633
1141,0.75632149
1141.199951,0.769685984
1141.400024,0.783673286
1141.599976,0.795595169
1141.800049,0.814207017
1142,0.82936883
1142.199951,0.846458852
1142.400024,0.861474872
1142.599976,0.880422175
1142.800049,0.897705257
1143,0.91481173
1143.199951,0.93003577
1143.400024,0.946379185
1143.599976,0.967821121
1143.800049,0.983238697
1144,1.000777364
1144.199951,1.016093493
1144.400024,1.033323765
1144.599976,1.048700571
1144.800049,1.064617157
1145,1.079845667
1145.199951,1.097783208
1145.400024,1.11566925
1145.599976,1.131629348
1145.800049,1.149023533
1146,1.164980412
1146.199951,1.186814308
1146.400024,1.203240156
1146.599976,1.224262357
1146.800049,1.243099928
1147,1.268832564
1147.199951,1.292662382
1147.400024,1.318489671
1147.599976,1.34335351
1147.800049,1.373082399
1148,1.404029131
1148.199951,1.43253839
1148.400024,1.461302757
1148.599976,1.490349412
1148.800049,1.528446198
1149,1.557029366
1149.199951,1.591887474
1149.400024,1.618931651
1149.599976,1.655275345
1149.800049,1.685634613
1150,1.709264278
