Wavelength (nm),y
300,0.0000701
301,0.000174075
302,0.0000115
303,-0.0000143
304,0.000049
305,-0.000110224
306,0.000107459
307,-0.000100207
308,-0.000140965
309,0.0000458
310,0.0000638
311,-0.000207284
312,-0.000124595
313,-0.000123618
314,-0.000171167
315,0.00086398
316,0.000172321
317,0.0000129
318,0.000308253
319,0.00052228
320,0.000654766
321,0.000397085
322,-0.000014
323,0.000885928
324,0.002416147
325,-0.0000803
326,0.000109334
327,0.000855952
328,0.000680458
329,0.000627606
330,0.000381922
331,0.000132021
332,0.0000762
333,0.000970857
334,0.002867639
335,0.000333345
336,0.000309514
337,0.001301808
338,0.001749165
339,0.000897656
340,-0.0000543
341,0.000189407
342,-0.0000369
343,0.000647253
344,0.001836944
345,0.000394978
346,-0.000000425
347,0.0000644
348,0.000579322
349,0.000274149
350,0.00000748
351,0.000122534
352,-0.0000236
353,0.0000575
354,-0.0000556
355,-0.0000555
356,0.0000212
357,0.0000159
358,0.0000597
359,-0.0000233
360,0.000055
361,0.000062
362,0.0000395
363,0.0000918
364,-0.00000164
365,-0.0000195
366,0.0000727
367,-0.0000213
368,-0.0000129
369,-0.00000257
370,-0.0000699
371,-0.00000235
372,-0.00000064
373,-0.0000238
374,0.0000041
375,0.000014
376,-0.0000697
377,-0.0000236
378,0.0000632
379,0.0000251
380,-0.0000164
381,-0.000000698
382,0.0000577
383,-0.0000197
384,-0.00000719
385,0.0000594
386,0.0000222
387,0.00000214
388,0.0000649
389,0.000019
390,0.000178815
391,0.000345727
392,0.000069
393,0.0000506
394,-0.0000173
395,-0.00000144
396,0.0000732
397,0.000827917
398,0.000214509
399,0.0000517
400,0.0000326
401,0.0000166
402,0.0000492
403,0.00000621
404,0.0000821
405,0.00011882
406,0.000917113
407,0.000316629
408,0.0000804
409,0.000239466
410,0.000199653
411,0.000143635
412,0.000114728
413,0.000196104
414,0.000848407
415,0.000647551
416,0.000384837
417,0.000228631
418,0.0000899
419,0.000137516
420,0.00071524
421,0.003987164
422,0.004066163
423,0.001151743
424,0.002909694
425,0.005421115
426,0.00176433
427,0.000664543
428,0.00011419
429,0.0000173
430,0.0000697
431,0.000453787
432,0.000841231
433,0.000408618
434,0.000227304
435,0.000132695
436,0.000412332
437,0.002991149
438,0.000678175
439,0.0000271
440,0.0000621
441,0.000344964
442,0.001746037
443,0.000454954
444,0.0000914
445,0.0000845
446,0.000115093
447,0.00055737
448,0.000703111
449,0.000349945
450,0.000296322
451,0.00040062
452,0.000341808
453,0.000173648
454,0.000132488
455,0.000118989
456,0.000160544
457,0.000299894
458,0.000176577
459,0.0000409
460,0.00005
461,0.0000366
462,0.0000542
463,0.000104723
464,0.0000703
465,0.0000841
466,0.000188866
467,0.000418624
468,0.000955955
469,0.001175363
470,0.001231973
471,0.001981408
472,0.001497854
473,0.000300196
474,0.0000954
475,0.00003
476,0.0000279
477,0.0000181
478,0.00000296
479,0.00000755
480,0.0000176
481,0.0000441
482,0.0000304
483,0.0000575
484,0.000162458
485,0.000335184
486,0.001085003
487,0.003417572
488,0.001157843
489,0.000245828
490,0.000156726
491,0.000193027
492,0.000258305
493,0.000366569
494,0.000880356
495,0.003865216
496,0.005451734
497,0.003819052
498,0.006304063
499,0.003810986
500,0.00124563
501,0.001466264
502,0.005757121
503,0.004318799
504,0.000717676
505,0.000400509
506,0.000554548
507,0.001088645
508,0.001900102
509,0.00286669
510,0.002669665
511,0.000841278
512,0.000288269
513,0.000180226
514,0.000129268
515,0.000250278
516,0.000418316
517,0.00066159
518,0.00087985
519,0.001393287
520,0.002998234
521,0.005328408
522,0.005797905
523,0.003997226
524,0.00226494
525,0.001731001
526,0.002539935
527,0.004424741
528,0.003299835
529,0.001522689
530,0.001402694
531,0.001903945
532,0.001178282
533,0.000382058
534,0.000187918
535,0.00017455
536,0.000197515
537,0.000442536
538,0.002408886
539,0.004494823
540,0.001376851
541,0.000504499
542,0.000349407
543,0.000299611
544,0.000402676
545,0.000860906
546,0.003949797
547,0.003547348
548,0.000647909
549,0.00024186
550,0.000210661
551,0.000199353
552,0.000276001
553,0.000470287
554,0.000981172
555,0.002263613
556,0.00442439
557,0.004877893
558,0.003524484
559,0.002471624
560,0.002243535
561,0.002527612
562,0.003403928
563,0.004947785
564,0.005136952
565,0.003049715
566,0.001350242
567,0.000750018
568,0.000606884
569,0.000655979
570,0.001223693
571,0.003574701
572,0.004591516
573,0.001985113
574,0.001100513
575,0.001031855
576,0.001387661
577,0.001221739
578,0.000748775
579,0.000424638
580,0.000369313
581,0.000395295
582,0.000796238
583,0.002019526
584,0.002030515
585,0.000891082
586,0.000516195
587,0.000427673
588,0.000580432
589,0.001169525
590,0.003075265
591,0.004724652
592,0.003316047
593,0.002227194
594,0.001901055
595,0.001532196
596,0.001053822
597,0.000771375
598,0.000633334
599,0.000628857
600,0.000695682
601,0.000993791
602,0.001338803
603,0.001660073
604,0.001974593
605,0.002424018
606,0.003302146
607,0.003511077
608,0.002702826
609,0.001830115
610,0.001590042
611,0.001900869
612,0.003007863
613,0.004050704
614,0.002966693
615,0.001428008
616,0.000873937
617,0.000704072
618,0.000787371
619,0.001017651
620,0.001690529
621,0.00253886
622,0.00287268
623,0.002558814
624,0.002681971
625,0.004024894
626,0.007391409
627,0.00806868
628,0.004095362
629,0.002184408
630,0.001814657
631,0.002114999
632,0.003531841
633,0.004133482
634,0.002087514
635,0.000866376
636,0.000517997
637,0.000399065
638,0.000402141
639,0.000499289
640,0.000767109
641,0.0017188
642,0.004187031
643,0.006443891
644,0.005401773
645,0.004357185
646,0.003159882
647,0.001608612
648,0.000748845
649,0.000365956
650,0.000260764
651,0.000238472
652,0.000250333
653,0.000386359
654,0.001025082
655,0.002561606
656,0.0014312
657,0.000388063
658,0.000186216
659,0.000109695
660,0.000106148
661,0.000103389
662,0.000119738
663,0.000212686
664,0.000474569
665,0.00170224
666,0.004871198
667,0.00371024
668,0.0017709
669,0.001427127
670,0.002058084
671,0.00416886
672,0.005260771
673,0.002677137
674,0.001243089
675,0.000806276
676,0.00071889
677,0.000844671
678,0.001421873
679,0.00271769
680,0.004213688
681,0.003207542
682,0.001965777
683,0.001539641
684,0.001901013
685,0.00286209
686,0.003345441
687,0.001749359
688,0.000710003
689,0.000406867
690,0.000259808
691,0.000247539
692,0.000223354
693,0.000250559
694,0.000329703
695,0.000478304
696,0.000658362
697,0.000735009
698,0.000773113
699,0.00077021
700,0.000868961
701,0.001697659
702,0.006153296
703,0.007660438
704,0.001667023
705,0.000533698
706,0.000218024
707,0.000133038
708,0.000134581
709,0.000124442
710,0.000115062
711,0.000133394
712,0.000290682
713,0.000677231
714,0.00219241
715,0.004068059
716,0.001989808
717,0.000837421
718,0.000550902
719,0.000451721
720,0.000515628
721,0.00095054
722,0.001862995
723,0.003488336
724,0.002939177
725,0.001400363
726,0.000822784
727,0.0006563
728,0.000576092
729,0.000834526
730,0.001554023
731,0.00386532
732,0.004228846
733,0.001690659
734,0.000569111
735,0.000266314
736,0.000277189
737,0.000156525
738,0.000221897
739,0.000153368
740,0.000253539
741,0.000335087
742,0.000750752
743,0.002313701
744,0.009727983
745,0.007024109
746,0.00166349
747,0.000688395
748,0.000401321
749,0.000386398
750,0.000283055
751,0.000410785
752,0.000437245
753,0.000457704
754,0.000504416
755,0.001148297
756,0.001828336
757,0.003300035
758,0.005532113
759,0.006469266
760,0.006075895
761,0.005183241
762,0.004815771
763,0.004840198
764,0.005484834
765,0.0062249
766,0.007220081
767,0.007572067
768,0.006769867
769,0.005326293
770,0.004641395
771,0.003771217
772,0.003778883
773,0.0037737
774,0.004232456
775,0.004775248
776,0.005538194
777,0.005832735
778,0.005473943
779,0.004329871
780,0.003303845
781,0.002813072
782,0.002364839
783,0.002134954
784,0.002187491
785,0.002302343
786,0.002809216
787,0.003167825
788,0.003543263
789,0.003708985
790,0.00345333
791,0.003147908
792,0.003379855
793,0.002889
794,0.003011342
795,0.00328267
796,0.004042141
797,0.004498168
798,0.004614788
799,0.004305754
800,0.002930039
800,0.003113231
800.2000122,0.004029825
800.4000244,0.005863598
800.5999756,0.005679959
800.7999878,0.005357527
801,0.003379581
801.2000122,0.005454868
801.4000244,0.006760742
801.5999756,0.005142057
801.7999878,0.005207899
802,0.003970067
802.2000122,0.004716319
802.4000244,0.005497271
802.5999756,0.005882703
802.7999878,0.003339883
803,0.002887196
803.2000122,0.004679583
803.4000244,0.002894088
803.5999756,0.004409897
803.7999878,0.004809939
804,0.004134291
804.2000122,0.001548753
804.4000244,0.004490564
804.5999756,0.003293252
804.7999878,0.002968127
805,0.004180284
805.2000122,0.006334432
805.4000244,0.004764582
805.5999756,0.00486082
805.7999878,0.005826305
806,0.003568848
806.2000122,0.003830142
806.4000244,0.003734932
806.5999756,0.004790348
806.7999878,0.002863089
807,0.004910742
807.2000122,0.002416419
807.4000244,0.003867727
807.5999756,0.005861292
807.7999878,0.002981111
808,0.003716742
808.2000122,0.00245115
808.4000244,0.00387592
808.5999756,0.003645413
808.7999878,0.002805403
809,0.002656207
809.2000122,0.003595323
809.4000244,0.004870866
809.5999756,0.003681875
809.7999878,0.004925164
810,0.005204895
810.2000122,0.003244794
810.4000244,0.004621062
810.5999756,0.005374065
810.7999878,0.002260678
811,0.003771462
811.2000122,0.004052588
811.4000244,0.003568661
811.5999756,0.003661881
811.7999878,0.004633477
812,0.002522838
812.2000122,0.004061192
812.4000244,0.005016665
812.5999756,0.000988902
812.7999878,0.00406829
813,0.002805149
813.2000122,0.003339168
813.4000244,0.000648513
813.5999756,0.002669178
813.7999878,0.002994076
814,0.003944122
814.2000122,0.004415364
814.4000244,0.002118181
814.5999756,0.003751979
814.7999878,0.003953548
815,0.004415564
815.2000122,0.003110124
815.4000244,0.002139744
815.5999756,0.003959114
815.7999878,0.003218568
816,0.004118325
816.2000122,0.003487391
816.4000244,0.003337786
816.5999756,0.003089003
816.7999878,0.003670076
817,0.00214689
817.2000122,0.00359156
817.4000244,0.003916527
817.5999756,0.004212399
817.7999878,0.004565309
818,0.001824048
818.2000122,0.004114896
818.4000244,0.003022443
818.5999756,0.004909046
818.7999878,0.004931523
819,0.002548657
819.2000122,0.003097692
819.4000244,0.002870957
819.5999756,0.00424444
819.7999878,0.003355442
820,0.003969667
820.2000122,0.003934652
820.4000244,0.002520238
820.5999756,0.002905968
820.7999878,0.002886323
821,0.004189045
821.2000122,0.003110815
821.4000244,0.003177293
821.5999756,0.002427871
821.7999878,0.002236397
822,0.003358986
822.2000122,0.001651867
822.4000244,0.003697105
822.5999756,0.004883098
822.7999878,0.002977121
823,0.004797707
823.2000122,0.003303322
823.4000244,0.002883747
823.5999756,0.003174558
823.7999878,0.003277815
824,0.004170601
824.2000122,0.003889638
824.4000244,0.001802029
824.5999756,0.002755169
824.7999878,0.002480306
825,0.002676388
825.2000122,0.003677957
825.4000244,0.00254228
825.5999756,0.002515435
825.7999878,0.001090337
826,0.002645954
826.2000122,0.002299593
826.4000244,0.00335824
826.5999756,0.002107395
826.7999878,0.003477586
827,0.003395196
827.2000122,0.002902935
827.4000244,0.001913184
827.5999756,0.00389892
827.7999878,0.002498863
828,0.001321407
828.2000122,0.003583773
828.4000244,0.001303693
828.5999756,0.002693561
828.7999878,0.00358783
829,0.002708264
829.2000122,0.001726803
829.4000244,0.003395283
829.5999756,0.003692632
829.7999878,0.001170053
830,0.003286157
830.2000122,0.001502805
830.4000244,0.00311949
830.5999756,0.002453726
830.7999878,0.001121242
831,0.002806706
831.2000122,0.001493024
831.4000244,0.002597299
831.5999756,0.003366701
831.7999878,0.002128008
832,0.002746447
832.2000122,0.001307101
832.4000244,0.00183156
832.5999756,0.002706007
832.7999878,0.002954153
833,0.002781518
833.2000122,0.002366711
833.4000244,0.001731003
833.5999756,0.003260769
833.7999878,0.002088517
834,0.002808374
834.2000122,0.003462357
834.4000244,0.003162175
834.5999756,0.002059986
834.7999878,0.00195364
835,0.001620617
835.2000122,0.001800679
835.4000244,0.000372697
835.5999756,0.002795283
835.7999878,0.002227443
836,0.002762237
836.2000122,0.001687464
836.4000244,0.002241029
836.5999756,0.002496473
836.7999878,0.001723555
837,0.003104584
837.2000122,0.00196234
837.4000244,0.002746128
837.5999756,0.002098271
837.7999878,0.003501428
838,0.001818067
838.2000122,0.003140924
838.4000244,0.003545489
838.5999756,0.002323665
838.7999878,0.003095543
839,0.003631557
839.2000122,0.003231159
839.4000244,0.002569907
839.5999756,0.001748885
839.7999878,0.002678583
840,0.002578409
840.2000122,0.003018885
840.4000244,0.002027587
840.5999756,0.003307679
840.7999878,0.003215002
841,0.002477466
841.2000122,0.001472885
841.4000244,0.001975319
841.5999756,0.002351074
841.7999878,0.001460135
842,0.003380979
842.2000122,0.002805141
842.4000244,0.002619359
842.5999756,0.001823942
842.7999878,0.001928465
843,0.002859078
843.2000122,0.002834823
843.4000244,0.001674824
843.5999756,0.002166579
843.7999878,0.002576325
844,0.00264009
844.2000122,0.00283611
844.4000244,0.002586314
844.5999756,0.003075141
844.7999878,0.003247816
845,0.003884646
845.2000122,0.003330705
845.4000244,0.001326993
845.5999756,0.003433819
845.7999878,0.003045094
846,0.002341509
846.2000122,0.003229519
846.4000244,0.002392751
846.5999756,0.003359114
846.7999878,0.002500117
847,0.002648756
847.2000122,0.002250954
847.4000244,0.003386931
847.5999756,0.003401627
847.7999878,0.002640806
848,0.00158473
848.2000122,0.002648345
848.4000244,0.003334846
848.5999756,0.002572335
848.7999878,0.003412436
849,0.003277809
849.2000122,0.003129626
849.4000244,0.003738082
849.5999756,0.002160452
849.7999878,0.003466848
850,0.002792249
850.2000122,0.003197851
850.4000244,0.003383669
850.5999756,0.003550918
850.7999878,0.00287638
851,0.003629114
851.2000122,0.00334104
851.4000244,0.003403082
851.5999756,0.002752978
851.7999878,0.002509506
852,0.003662386
852.2000122,0.003428829
852.4000244,0.001866009
852.5999756,0.002687549
852.7999878,0.002572085
853,0.003789931
853.2000122,0.002961667
853.4000244,0.003332036
853.5999756,0.003471332
853.7999878,0.002582624
854,0.003195178
854.2000122,0.003293491
854.4000244,0.002393639
854.5999756,0.003152517
854.7999878,0.00272358
855,0.001994312
855.2000122,0.002998315
855.4000244,0.00228064
855.5999756,0.002757561
855.7999878,0.002347782
856,0.002916637
856.2000122,0.002983088
856.4000244,0.003013112
856.5999756,0.003087411
856.7999878,0.003239238
857,0.003314432
857.2000122,0.003089748
857.4000244,0.003202447
857.5999756,0.003387552
857.7999878,0.002610398
858,0.00262439
858.2000122,0.002713573
858.4000244,0.00294806
858.5999756,0.002977618
858.7999878,0.004516467
859,0.003524344
859.2000122,0.003466354
859.4000244,0.003523699
859.5999756,0.00347124
859.7999878,0.002722244
860,0.003427523
860.2000122,0.003505614
860.4000244,0.003069407
860.5999756,0.003647446
860.7999878,0.003583231
861,0.003583285
861.2000122,0.003889468
861.4000244,0.003790487
861.5999756,0.003798699
861.7999878,0.003817995
862,0.004152524
862.2000122,0.002951226
862.4000244,0.004108538
862.5999756,0.003716892
862.7999878,0.003607609
863,0.004123193
863.2000122,0.003893753
863.4000244,0.003939616
863.5999756,0.003482739
863.7999878,0.004704633
864,0.003139583
864.2000122,0.003467831
864.4000244,0.003464354
864.5999756,0.002635713
864.7999878,0.003078953
865,0.003294327
865.2000122,0.004427952
865.4000244,0.004091009
865.5999756,0.002981426
865.7999878,0.003777006
866,0.004022858
866.2000122,0.002987114
866.4000244,0.003557168
866.5999756,0.004163568
866.7999878,0.004110685
867,0.003053128
867.2000122,0.003267646
867.4000244,0.003446919
867.5999756,0.003110251
867.7999878,0.003928839
868,0.003896123
868.2000122,0.003080436
868.4000244,0.003735128
868.5999756,0.003340937
868.7999878,0.00361504
869,0.003143515
869.2000122,0.003468626
869.4000244,0.003615804
869.5999756,0.003378109
869.7999878,0.003024666
870,0.00341432
870.2000122,0.003285579
870.4000244,0.003580733
870.5999756,0.003242301
870.7999878,0.003809481
871,0.003147914
871.2000122,0.003636041
871.4000244,0.003185238
871.5999756,0.003251858
871.7999878,0.003598722
872,0.003192015
872.2000122,0.003473851
872.4000244,0.003713588
872.5999756,0.003128201
872.7999878,0.003697621
873,0.003527661
873.2000122,0.003594274
873.4000244,0.003594598
873.5999756,0.003536831
873.7999878,0.002970496
874,0.003016475
874.2000122,0.002984718
874.4000244,0.003103052
874.5999756,0.003246325
874.7999878,0.003107336
875,0.00288979
875.2000122,0.003219399
875.4000244,0.003351699
875.5999756,0.002696585
875.7999878,0.002934479
876,0.003093371
876.2000122,0.003169516
876.4000244,0.003275841
876.5999756,0.003653105
876.7999878,0.003161101
877,0.003379544
877.2000122,0.003123523
877.4000244,0.003162018
877.5999756,0.003060498
877.7999878,0.003004187
878,0.003641979
878.2000122,0.003100272
878.4000244,0.003076693
878.5999756,0.003167726
878.7999878,0.003520771
879,0.003247058
879.2000122,0.003312555
879.4000244,0.003568685
879.5999756,0.002988894
879.7999878,0.003208045
880,0.003141388
880.2000122,0.002766711
880.4000244,0.00293691
880.5999756,0.003193318
880.7999878,0.002898701
881,0.002876761
881.2000122,0.003328771
881.4000244,0.003356393
881.5999756,0.002766936
881.7999878,0.003343141
882,0.003178168
882.2000122,0.002749553
882.4000244,0.003423712
882.5999756,0.002861115
882.7999878,0.002850077
883,0.003236569
883.2000122,0.00310814
883.4000244,0.003191375
883.5999756,0.002795433
883.7999878,0.003164402
884,0.002979814
884.2000122,0.003301916
884.4000244,0.003101208
884.5999756,0.003268219
884.7999878,0.002837968
885,0.002954181
885.2000122,0.00306283
885.4000244,0.003118785
885.5999756,0.003018927
885.7999878,0.003089323
886,0.003338772
886.2000122,0.002999824
886.4000244,0.003383856
886.5999756,0.003138832
886.7999878,0.003499442
887,0.003195195
887.2000122,0.002900836
887.4000244,0.003491473
887.5999756,0.00348425
887.7999878,0.003009055
888,0.003175373
888.2000122,0.003032489
888.4000244,0.003178328
888.5999756,0.00325898
888.7999878,0.00294652
889,0.003368945
889.2000122,0.003698363
889.4000244,0.002955164
889.5999756,0.003352353
889.7999878,0.003340549
890,0.003583921
890.2000122,0.003079752
890.4000244,0.00344291
890.5999756,0.002853761
890.7999878,0.003583054
891,0.00380468
891.2000122,0.003320157
891.4000244,0.002895779
891.5999756,0.003770147
891.7999878,0.003299898
892,0.003128473
892.2000122,0.003582239
892.4000244,0.00286661
892.5999756,0.003611291
892.7999878,0.002692333
893,0.003337635
893.2000122,0.003084844
893.4000244,0.003256177
893.5999756,0.00296325
893.7999878,0.003223272
894,0.00315019
894.2000122,0.003577827
894.4000244,0.003217923
894.5999756,0.003391905
894.7999878,0.002898031
895,0.00352778
895.2000122,0.003059404
895.4000244,0.003091999
895.5999756,0.00322241
895.7999878,0.003292123
896,0.003214445
896.2000122,0.003230604
896.4000244,0.003328787
896.5999756,0.003303243
896.7999878,0.003225602
897,0.003065779
897.2000122,0.003346258
897.4000244,0.002990389
897.5999756,0.003039235
897.7999878,0.0031346
898,0.003203475
898.2000122,0.003237106
898.4000244,0.002840451
898.5999756,0.003061932
898.7999878,0.002961579
899,0.002949551
899.2000122,0.003083349
899.4000244,0.00364296
899.5999756,0.003313694
899.7999878,0.00300339
900,0.003171589
900.2000122,0.00305105
900.4000244,0.002945727
900.5999756,0.00333688
900.7999878,0.00317093
901,0.003476418
901.2000122,0.002852627
901.4000244,0.003073431
901.5999756,0.00282141
901.7999878,0.002743026
902,0.003285441
902.2000122,0.00301124
902.4000244,0.003288056
902.5999756,0.002978347
902.7999878,0.003102955
903,0.003202968
903.2000122,0.00275298
903.4000244,0.002835696
903.5999756,0.002907258
903.7999878,0.003070079
904,0.003163935
904.2000122,0.003263179
904.4000244,0.003068206
904.5999756,0.002947731
904.7999878,0.003009055
905,0.002863378
905.2000122,0.003225976
905.4000244,0.002972589
905.5999756,0.00309673
905.7999878,0.003201835
906,0.002872397
906.2000122,0.003379471
906.4000244,0.003392811
906.5999756,0.002939258
906.7999878,0.003235854
907,0.002972227
907.2000122,0.003373118
907.4000244,0.003046107
907.5999756,0.003114378
907.7999878,0.003232498
908,0.003264941
908.2000122,0.00324283
908.4000244,0.003391824
908.5999756,0.003284224
908.7999878,0.003086644
909,0.003477107
909.2000122,0.003027612
909.4000244,0.003277426
909.5999756,0.003371082
909.7999878,0.003243055
910,0.003416438
910.2000122,0.00339918
910.4000244,0.003157323
910.5999756,0.003214531
910.7999878,0.003321412
911,0.003260983
911.2000122,0.003212218
911.4000244,0.00353706
911.5999756,0.003404677
911.7999878,0.003488521
912,0.003583058
912.2000122,0.003688266
912.4000244,0.003674967
912.5999756,0.003632217
912.7999878,0.00378396
913,0.00365398
913.2000122,0.003901929
913.4000244,0.004015368
913.5999756,0.004106546
913.7999878,0.003799301
914,0.004105369
914.2000122,0.004397035
914.4000244,0.004287893
914.5999756,0.004304661
914.7999878,0.004269753
915,0.004381299
915.2000122,0.004447385
915.4000244,0.004658407
915.5999756,0.004853312
915.7999878,0.004696888
916,0.004820088
916.2000122,0.005011633
916.4000244,0.005003465
916.5999756,0.005455677
916.7999878,0.005164943
917,0.005430853
917.2000122,0.005518065
917.4000244,0.005949604
917.5999756,0.005922853
917.7999878,0.005983984
918,0.006278311
918.2000122,0.006438964
918.4000244,0.006726662
918.5999756,0.007019096
918.7999878,0.0071639
919,0.007252712
919.2000122,0.007725886
919.4000244,0.007778234
919.5999756,0.00819211
919.7999878,0.008783369
920,0.008733672
920.2000122,0.009302708
920.4000244,0.009864223
920.5999756,0.010261377
920.7999878,0.010623774
921,0.011489277
921.2000122,0.011909184
921.4000244,0.012605582
921.5999756,0.013410569
921.7999878,0.014098434
922,0.015091276
922.2000122,0.015754309
922.4000244,0.017036572
922.5999756,0.018135795
922.7999878,0.019797996
923,0.021006167
923.2000122,0.02336859
923.4000244,0.025007358
923.5999756,0.027200906
923.7999878,0.029390421
924,0.032346983
924.2000122,0.036170885
924.4000244,0.039764248
924.5999756,0.044406913
924.7999878,0.048756275
925,0.055266671
925.2000122,0.061237752
925.4000244,0.069349982
925.5999756,0.076994956
925.7999878,0.08987125
926,0.103332758
926.2000122,0.119602241
926.4000244,0.136478722
926.5999756,0.158722088
926.7999878,0.18629089
927,0.21809864
927.2000122,0.254040062
927.4000244,0.292561144
927.5999756,0.354002088
927.7999878,0.409123361
928,0.478918999
928.2000122,0.540413261
928.4000244,0.638631463
928.5999756,0.727120936
928.7999878,0.843049765
929,0.939930141
929.2000122,1.077286482
929.4000244,1.21908474
929.5999756,1.357623458
929.7999878,1.509749889
930,1.65326333
930.2000122,1.846826434
930.4000244,2.007107496
930.5999756,2.209894657
930.7999878,2.369148016
931,2.618339539
931.2000122,2.821818113
931.4000244,3.06767869
931.5999756,3.280247688
931.7999878,3.536359549
932,3.799622059
932.2000122,4.069334984
932.4000244,4.326329231
932.5999756,4.580612659
932.7999878,4.930755615
933,5.193973541
933.2000122,5.116763115
933.4000244,5.726080894
933.5999756,5.272834778
933.7999878,5.372655869
934,5.701874733
934.2000122,5.723258018
934.4000244,5.403144836
934.5999756,6.061667442
934.7999878,5.6647439
935,6.375814915
935.2000122,6.16019392
935.4000244,6.103217602
935.5999756,6.179898262
935.7999878,6.349804401
936,6.433738232
936.2000122,6.57576561
936.4000244,6.727870464
936.5999756,6.931729794
936.7999878,6.991520405
937,7.192682266
937.2000122,7.393520355
937.4000244,7.524850845
937.5999756,7.677540779
937.7999878,7.871729851
938,8.108181953
938.2000122,8.273627281
938.4000244,8.499603271
938.5999756,8.591939926
938.7999878,8.934339523
939,9.050254822
939.2000122,9.331309319
939.4000244,9.527899742
939.5999756,9.763463974
939.7999878,10.08441544
940,10.32548046
940.2000122,10.65843678
940.4000244,10.87032223
940.5999756,11.26948071
940.7999878,11.53279877
941,11.87743282
941.2000122,12.19299412
941.4000244,12.60838699
941.5999756,13.04508877
941.7999878,13.51932144
942,13.89063454
942.2000122,14.44822407
942.4000244,14.96225452
942.5999756,15.57345867
942.7999878,16.05331993
943,16.70312691
943.2000122,17.48759842
943.4000244,18.19642448
943.5999756,18.89777565
943.7999878,19.62112045
944,20.62513924
944.2000122,21.38957024
944.4000244,22.43022728
944.5999756,23.22166061
944.7999878,24.39672089
945,25.53359795
945.2000122,26.74709511
945.4000244,27.81705856
945.5999756,29.11510468
945.7999878,30.54702568
946,31.91559601
946.2000122,33.4308815
946.4000244,34.77433777
946.5999756,36.75006104
946.7999878,38.45373154
947,40.38540268
947.2000122,42.08382797
947.4000244,44.45949173
947.5999756,46.5733223
947.7999878,49.17300415
948,51.34173203
948.2000122,54.13293076
948.4000244,57.01197815
948.5999756,59.64778519
948.7999878,62.25808334
949,64.72464752
949.2000122,67.79655457
949.4000244,70.11962128
949.5999756,72.79193115
949.7999878,74.91186523
950,77.54988098
950.2000122,79.61473846
950.4000244,81.77775574
950.5999756,83.3615036
950.7999878,85.08434296
951,86.69384003
951.2000122,88.05426025
951.4000244,89.15048981
951.5999756,90.08174133
951.7999878,91.042099
952,91.81005096
952.2000122,92.41946411
952.4000244,92.91625977
952.5999756,93.50920868
952.7999878,93.8370285
953,94.2676239
953.2000122,94.51158142
953.4000244,94.89591217
953.5999756,95.24929047
953.7999878,95.41542816
954,95.73699188
954.2000122,95.95883179
954.4000244,96.33644867
954.5999756,96.56169128
954.7999878,96.84338379
955,96.93800354
955.2000122,97.21588898
955.4000244,97.3889389
955.5999756,97.56520844
955.7999878,97.66188049
956,97.81673431
956.2000122,97.94282532
956.4000244,98.05528259
956.5999756,98.0687027
956.7999878,98.12352753
957,98.05609894
957.2000122,98.12236786
957.4000244,98.10082245
957.5999756,98.04660034
957.7999878,98.04642487
958,97.98236847
958.2000122,97.95718384
958.4000244,97.97452545
958.5999756,97.95896149
958.7999878,97.90635681
959,97.90632629
959.2000122,97.90170288
959.4000244,97.89710999
959.5999756,97.89060211
959.7999878,97.9276886
960,97.95846558
960.2000122,98.06033325
960.4000244,98.23448181
960.5999756,98.09986115
960.7999878,98.14713287
961,98.23680878
961.2000122,98.36921692
961.4000244,98.35189819
961.5999756,98.45397949
961.7999878,98.54116821
962,98.63928986
962.2000122,98.63620758
962.4000244,98.69731903
962.5999756,98.79511261
962.7999878,98.74197388
963,98.89582825
963.2000122,98.85905457
963.4000244,98.97637939
963.5999756,98.92015076
963.7999878,98.93600464
964,98.99027252
964.2000122,98.9260025
964.4000244,99.00521851
964.5999756,98.97740173
964.7999878,98.96134949
965,99.00015259
965.2000122,99.01660919
965.4000244,98.99075317
965.5999756,98.90913391
965.7999878,98.96982574
966,98.88554382
966.2000122,98.87065125
966.4000244,98.78794098
966.5999756,98.70387268
966.7999878,98.64156342
967,98.55091095
967.2000122,98.49134827
967.4000244,98.55882263
967.5999756,98.45743561
967.7999878,98.47546387
968,98.40180206
968.2000122,98.3097229
968.4000244,98.17086792
968.5999756,98.29904175
968.7999878,98.17774963
969,98.17140198
969.2000122,98.25078583
969.4000244,98.12240601
969.5999756,98.10321045
969.7999878,98.04489899
970,98.1211319
970.2000122,98.05709076
970.4000244,98.10476685
970.5999756,98.09078217
970.7999878,98.14168549
971,98.19509125
971.2000122,98.12891388
971.4000244,98.23274231
971.5999756,98.23661041
971.7999878,98.3285141
972,98.36846924
972.2000122,98.40407562
972.4000244,98.47633362
972.5999756,98.55617523
972.7999878,98.60499573
973,98.76105499
973.2000122,98.67344666
973.4000244,98.77624512
973.5999756,98.90882111
973.7999878,98.97045135
974,98.99893951
974.2000122,99.14791107
974.4000244,99.11209869
974.5999756,99.24459076
974.7999878,99.35621643
975,99.38169861
975.2000122,99.40914154
975.4000244,99.4131546
975.5999756,99.50505066
975.7999878,99.53060913
976,99.65099335
976.2000122,99.58407593
976.4000244,99.67255402
976.5999756,99.73045349
976.7999878,99.6997757
977,99.76830292
977.2000122,99.69618225
977.4000244,99.79423523
977.5999756,99.76407623
977.7999878,99.8171463
978,99.84000397
978.2000122,99.90753174
978.4000244,99.80521393
978.5999756,99.69178772
978.7999878,99.74641418
979,99.77484131
979.2000122,99.78431702
979.4000244,99.76356506
979.5999756,99.73078918
979.7999878,99.71178436
980,99.70132446
980.2000122,99.67037201
980.4000244,99.67696381
980.5999756,99.60137939
980.7999878,99.69369507
981,99.63084412
981.2000122,99.68429565
981.4000244,99.58158112
981.5999756,99.64994812
981.7999878,99.59777832
982,99.62615204
982.2000122,99.63352203
982.4000244,99.59017944
982.5999756,99.57491302
982.7999878,99.49777985
983,99.51308441
983.2000122,99.52540588
983.4000244,99.56181335
983.5999756,99.56427002
983.7999878,99.5316391
984,99.66663361
984.2000122,99.59039307
984.4000244,99.63796997
984.5999756,99.64195251
984.7999878,99.62737274
985,99.68080139
985.2000122,99.58782196
985.4000244,99.60848999
985.5999756,99.58731079
985.7999878,99.62362671
986,99.62091064
986.2000122,99.76028442
986.4000244,99.68489075
986.5999756,99.6822052
986.7999878,99.65019989
987,99.78181458
987.2000122,99.68525696
987.4000244,99.75331879
987.5999756,99.72182465
987.7999878,99.78165436
988,99.759552
988.2000122,99.75426483
988.4000244,99.72956848
988.5999756,99.79705811
988.7999878,99.76538849
989,99.75904083
989.2000122,99.80625153
989.4000244,99.82550049
989.5999756,99.78559113
989.7999878,99.78682709
990,99.76402283
990.2000122,99.69441986
990.4000244,99.78469086
990.5999756,99.77689362
990.7999878,99.73884583
991,99.78383636
991.2000122,99.73854828
991.4000244,99.65361786
991.5999756,99.61859894
991.7999878,99.66511536
992,99.61666107
992.2000122,99.58047485
992.4000244,99.50336456
992.5999756,99.57266998
992.7999878,99.54397583
993,99.45044708
993.2000122,99.48448181
993.4000244,99.41244507
993.5999756,99.36016083
993.7999878,99.37475586
994,99.36341858
994.2000122,99.27909088
994.4000244,99.21963501
994.5999756,99.24691772
994.7999878,99.18577576
995,99.16162109
995.2000122,99.24625397
995.4000244,99.13088989
995.5999756,99.16954041
995.7999878,99.11489868
996,99.09299469
996.2000122,99.08440399
996.4000244,99.10780334
996.5999756,99.10716248
996.7999878,99.03494263
997,99.11963654
997.2000122,99.16356659
997.4000244,99.13317871
997.5999756,99.09937286
997.7999878,99.09369659
998,99.14248657
998.2000122,99.14485931
998.4000244,99.1468277
998.5999756,99.15133667
998.7999878,99.22967529
999,99.22392273
999.2000122,99.25289917
999.4000244,99.30105591
999.5999756,99.32025146
999.7999878,99.28218079
1000,99.4246521
1000.200012,99.36289215
1000.400024,99.45053101
1000.599976,99.48805237
1000.799988,99.3530426
1001,99.33424377
1001.200012,99.47670746
1001.400024,99.51660919
1001.599976,99.49842072
1001.799988,99.57273865
1002,99.62099457
1002.200012,99.49691772
1002.400024,99.5166626
1002.599976,99.58222198
1002.799988,99.56095123
1003,99.65114594
1003.200012,99.72337341
1003.400024,99.58014679
1003.599976,99.58804321
1003.799988,99.66625214
1004,99.59069061
1004.200012,99.64984131
1004.400024,99.6304245
1004.599976,99.56248474
1004.799988,99.6075592
1005,99.60868073
1005.200012,99.58189392
1005.400024,99.48167419
1005.599976,99.532547
1005.799988,99.52984619
1006,99.52571106
1006.200012,99.52602386
1006.400024,99.47679138
1006.599976,99.50450134
1006.799988,99.4077301
1007,99.45016479
1007.200012,99.32303619
1007.400024,99.40808105
1007.599976,99.38596344
1007.799988,99.36367035
1008,99.3019104
1008.200012,99.35906219
1008.400024,99.27593994
1008.599976,99.28200531
1008.799988,99.21794891
1009,99.29553986
1009.200012,99.18501282
1009.400024,99.167099
1009.599976,99.2261734
1009.799988,99.11226654
1010,99.1822052
1010.200012,99.17738342
1010.400024,99.20000458
1010.599976,99.23480988
1010.799988,99.08203125
1011,99.12889099
1011.200012,99.14007568
1011.400024,99.228508
1011.599976,99.22970581
1011.799988,99.30685425
1012,99.29050446
1012.200012,99.30181885
1012.400024,99.24556732
1012.599976,99.34992218
1012.799988,99.33956146
1013,99.37530518
1013.200012,99.31745148
1013.400024,99.43824768
1013.599976,99.39407349
1013.799988,99.41664124
1014,99.44857788
1014.200012,99.52300262
1014.400024,99.5171051
1014.599976,99.51980591
1014.799988,99.6036911
1015,99.57491302
1015.200012,99.62688446
1015.400024,99.63574219
1015.599976,99.61969757
1015.799988,99.67248535
1016,99.68080902
1016.200012,99.74752808
1016.400024,99.6725235
1016.599976,99.72887421
1016.799988,99.75979614
1017,99.70189667
1017.200012,99.76707458
1017.400024,99.88040924
1017.599976,99.88426971
1017.799988,99.88668823
1018,99.91830444
1018.200012,99.90061188
1018.400024,99.8853302
1018.599976,99.88642883
1018.799988,99.943367
1019,99.91317749
1019.200012,99.82726288
1019.400024,99.86943817
1019.599976,99.75442505
1019.799988,99.74020386
1020,99.8127594
1020.200012,99.80362701
1020.400024,99.69137573
1020.599976,99.7029953
1020.799988,99.65068817
1021,99.6375351
1021.200012,99.59303284
1021.400024,99.47296143
1021.599976,99.45362091
1021.799988,99.35135651
1022,99.4345932
1022.200012,99.40107727
1022.400024,99.27902985
1022.599976,99.29563904
1022.799988,99.18086243
1023,99.120224
1023.200012,99.19931793
1023.400024,99.141922
1023.599976,99.04743195
1023.799988,98.96489716
1024,99.03460693
1024.199951,98.95277405
1024.400024,99.03320313
1024.599976,98.90876007
1024.800049,98.9908371
1025,98.95751953
1025.199951,98.92234039
1025.400024,98.9262619
1025.599976,98.97306824
1025.800049,98.8659668
1026,98.98809814
1026.199951,98.91838074
1026.400024,98.88587189
1026.599976,98.94114685
1026.800049,98.9382019
1027,98.9305191
1027.199951,98.94847107
1027.400024,98.95278168
1027.599976,99.07458496
1027.800049,99.11169434
1028,99.02728271
1028.199951,99.17214203
1028.400024,99.13716888
1028.599976,99.12906647
1028.800049,99.13652802
1029,99.1685257
1029.199951,99.14772034
1029.400024,99.23965454
1029.599976,99.32154083
1029.800049,99.32511902
1030,99.31248474
1030.199951,99.42301178
1030.400024,99.41609192
1030.599976,99.41184998
1030.800049,99.42467499
1031,99.44368744
1031.199951,99.50769806
1031.400024,99.48301697
1031.599976,99.60347748
1031.800049,99.53362274
1032,99.62359619
1032.199951,99.69064331
1032.400024,99.64355469
1032.599976,99.58628082
1032.800049,99.56884766
1033,99.67513275
1033.199951,99.64099884
1033.400024,99.72042084
1033.599976,99.60858154
1033.800049,99.66166687
1034,99.69581604
1034.199951,99.74740601
1034.400024,99.69068146
1034.599976,99.6789093
1034.800049,99.67498779
1035,99.66265869
1035.199951,99.63930511
1035.400024,99.64421082
1035.599976,99.55484772
1035.800049,99.6787262
1036,99.5665741
1036.199951,99.55872345
1036.400024,99.49520874
1036.599976,99.5045929
1036.800049,99.58418274
1037,99.56011963
1037.199951,99.44437408
1037.400024,99.5368576
1037.599976,99.44895172
1037.800049,99.48830414
1038,99.47019196
1038.199951,99.36397552
1038.400024,99.36276245
1038.599976,99.38491821
1038.800049,99.46421051
1039,99.37899017
1039.199951,99.30708313
1039.400024,99.46006775
1039.599976,99.37020874
1039.800049,99.39084625
1040,99.35861969
1040.199951,99.4023819
1040.400024,99.35431671
1040.599976,99.47116852
1040.800049,99.32405853
1041,99.34703064
1041.199951,99.38839722
1041.400024,99.30954742
1041.599976,99.40337372
1041.800049,99.27053833
1042,99.22237396
1042.199951,99.34610748
1042.400024,99.35786438
1042.599976,99.36749268
1042.800049,99.3162384
1043,99.40618134
1043.199951,99.20995331
1043.400024,99.22989655
1043.599976,99.23088837
1043.800049,99.26795959
1044,99.26374817
1044.199951,99.18823242
1044.400024,99.17169189
1044.599976,99.21813965
1044.800049,99.02102661
1045,99.03772736
1045.199951,98.99716949
1045.400024,99.10817719
1045.599976,99.01016235
1045.800049,98.98400116
1046,99.00906372
1046.199951,98.99845886
1046.400024,99.07572937
1046.599976,99.04963684
1046.800049,99.04611969
1047,99.06100464
1047.199951,99.09056854
1047.400024,99.09729004
1047.599976,99.00445557
1047.800049,99.0242691
1048,98.9143219
1048.199951,99.06494141
1048.400024,98.92765045
1048.599976,98.85162354
1048.800049,98.80030823
1049,98.53578186
1049.199951,98.38150024
1049.400024,97.96629333
1049.599976,97.64147186
1049.800049,97.1598587
1050,96.62234497
1050.199951,95.89693451
1050.400024,94.88206482
1050.599976,93.84660339
1050.800049,92.71104431
1051,91.21813202
1051.199951,89.55145264
1051.400024,87.82426453
1051.599976,85.84601593
1051.800049,83.87303162
1052,81.1272583
1052.199951,78.50693512
1052.400024,75.63611603
1052.599976,73.00048828
1052.800049,69.74000549
1053,66.73513794
1053.199951,63.32450485
1053.400024,60.72064209
1053.599976,57.30799484
1053.800049,53.82493591
1054,50.86260986
1054.199951,48.03793716
1054.400024,45.51890182
1054.599976,42.46710968
1054.800049,40.08761978
1055,37.59350204
1055.199951,35.73009491
1055.400024,33.07012558
1055.599976,31.21537018
1055.800049,29.18386078
1056,27.62423706
1056.199951,25.96896553
1056.400024,24.31435013
1056.599976,22.92340851
1056.800049,21.63932419
1057,20.58470154
1057.199951,19.16610718
1057.400024,18.22602654
1057.599976,17.15279961
1057.800049,16.39821243
1058,15.40206528
1058.199951,14.63853455
1058.400024,13.80918503
1058.599976,13.23995399
1058.800049,12.49537277
1059,11.84887409
1059.199951,11.20258522
1059.400024,10.66698551
1059.599976,10.24962044
1059.800049,9.622578621
1060,9.254396439
1060.199951,8.833118439
1060.400024,8.535847664
1060.599976,8.041332245
1060.800049,7.729458809
1061,7.368168831
1061.199951,7.117396355
1061.400024,6.78371191
1061.599976,6.559252739
1061.800049,6.263313293
1062,6.089571953
1062.199951,5.850930691
1062.400024,5.832580566
1062.599976,5.830991268
1062.800049,5.534655094
1063,5.409727097
1063.199951,5.411149502
1063.400024,5.050418377
1063.599976,4.631453037
1063.800049,4.337308407
1064,3.942923546
1064.199951,3.618627787
1064.400024,3.29810977
1064.599976,3.037789583
1064.800049,2.787881613
1065,2.524219036
1065.199951,2.310282707
1065.400024,2.104067087
1065.599976,1.941468358
1065.800049,1.738925457
1066,1.587163687
1066.199951,1.433629394
1066.400024,1.322654128
1066.599976,1.191999555
1066.800049,1.082294345
1067,0.980279207
1067.199951,0.904485583
1067.400024,0.825296164
1067.599976,0.748658478
1067.800049,0.688803792
1068,0.630380869
1068.199951,0.586528599
1068.400024,0.532768428
1068.599976,0.493939221
1068.800049,0.453436196
1069,0.424753815
1069.199951,0.389534533
1069.400024,0.360574037
1069.599976,0.33319816
1069.800049,0.310912728
1070,0.288442046
1070.199951,0.267210126
1070.400024,0.249025568
1070.599976,0.233361706
1070.800049,0.219724208
1071,0.203273699
1071.199951,0.190758497
1071.400024,0.17767176
1071.599976,0.167589128
1071.800049,0.155993313
1072,0.146569714
1072.199951,0.137157559
1072.400024,0.130216062
1072.599976,0.122294515
1072.800049,0.114563562
1073,0.107826129
1073.199951,0.101940081
1073.400024,0.097118773
1073.599976,0.091035053
1073.800049,0.086628228
1074,0.081921667
1074.199951,0.078436367
1074.400024,0.07381776
1074.599976,0.070101909
1074.800049,0.066425048
1075,0.063459858
1075.199951,0.060439814
1075.400024,0.057304598
1075.599976,0.054560117
1075.800049,0.052254584
1076,0.049991481
1076.199951,0.047299273
1076.400024,0.045181569
1076.599976,0.043063737
1076.800049,0.041524962
1077,0.039456248
1077.199951,0.037945926
1077.400024,0.0361357
1077.599976,0.034698389
1077.800049,0.032938261
1078,0.031641919
1078.199951,0.030370073
1078.400024,0.029292269
1078.599976,0.028201275
1078.800049,0.026820006
1079,0.025834676
1079.199951,0.024884421
1079.400024,0.024251778
1079.599976,0.023317933
1079.800049,0.02245578
1080,0.021660024
1080.199951,0.020949662
1080.400024,0.020167297
1080.599976,0.019560695
1080.800049,0.018932499
1081,0.01841007
1081.199951,0.017918585
1081.400024,0.017184593
1081.599976,0.016613042
1081.800049,0.016066084
1082,0.015690206
1082.199951,0.015166231
1082.400024,0.014793821
1082.599976,0.014243665
1082.800049,0.01401633
1083,0.013407131
1083.199951,0.013242967
1083.400024,0.012755479
1083.599976,0.012451245
1083.800049,0.012319145
1084,0.011718459
1084.199951,0.011702246
1084.400024,0.011252268
1084.599976,0.01091776
1084.800049,0.010822578
1085,0.010517836
1085.199951,0.010309985
1085.400024,0.010236393
1085.599976,0.009976571
1085.800049,0.009812811
1086,0.009401727
1086.199951,0.009630621
1086.400024,0.009306261
1086.599976,0.009070196
1086.800049,0.00906546
1087,0.008873058
1087.199951,0.008797281
1087.400024,0.008816481
1087.599976,0.008671496
1087.800049,0.008528102
1088,0.00831156
1088.199951,0.008297756
1088.400024,0.008060221
1088.599976,0.007843114
1088.800049,0.007948888
1089,0.007773571
1089.199951,0.007615592
1089.400024,0.007578413
1089.599976,0.00748726
1089.800049,0.007250843
1090,0.007174318
1090.199951,0.007184083
1090.400024,0.007119256
1090.599976,0.006874557
1090.800049,0.006981662
1091,0.00674268
1091.199951,0.006699105
1091.400024,0.006689602
1091.599976,0.006690287
1091.800049,0.006383108
1092,0.006559778
1092.199951,0.006521033
1092.400024,0.006354075
1092.599976,0.00655031
1092.800049,0.006530139
1093,0.006377381
1093.199951,0.006321621
1093.400024,0.006362725
1093.599976,0.006330053
1093.800049,0.006344286
1094,0.006532399
1094.199951,0.006419996
1094.400024,0.006355456
1094.599976,0.006465738
1094.800049,0.006457239
1095,0.006349839
1095.199951,0.006429477
1095.400024,0.006294929
1095.599976,0.006530824
1095.800049,0.006295638
1096,0.006476125
1096.199951,0.006462556
1096.400024,0.006372556
1096.599976,0.006532837
1096.800049,0.006534527
1097,0.006572266
1097.199951,0.006640837
1097.400024,0.006488183
1097.599976,0.006745782
1097.800049,0.006726904
1098,0.006857052
1098.199951,0.006817452
1098.400024,0.006814829
1098.599976,0.006865431
1098.800049,0.006925146
1099,0.006998978
1099.199951,0.007168967
1099.400024,0.007051883
1099.599976,0.007129725
1099.800049,0.007409771
1100,0.00724702
1100.199951,0.007544016
1100.400024,0.007419159
1100.599976,0.007676592
1100.800049,0.007695564
1101,0.007875917
1101.199951,0.008064811
1101.400024,0.008122296
1101.599976,0.008435071
1101.800049,0.008425067
1102,0.008636256
1102.199951,0.00869338
1102.400024,0.008848413
1102.599976,0.00906978
1102.800049,0.00901129
1103,0.009611639
1103.199951,0.009660086
1103.400024,0.009852272
1103.599976,0.010126393
1103.800049,0.010302102
1104,0.010576773
1104.199951,0.010990832
1104.400024,0.011128731
1104.599976,0.011381845
1104.800049,0.011832396
1105,0.012110743
1105.199951,0.01240219
1105.400024,0.012739036
1105.599976,0.013147214
1105.800049,0.01354959
1106,0.013936207
1106.199951,0.014388225
1106.400024,0.014919396
1106.599976,0.015222413
1106.800049,0.015713956
1107,0.0162037
1107.199951,0.01697349
1107.400024,0.017380744
1107.599976,0.01792133
1107.800049,0.018676443
1108,0.01940004
1108.199951,0.02036112
1108.400024,0.021048393
1108.599976,0.022104699
1108.800049,0.022680271
1109,0.023933699
1109.199951,0.024795901
1109.400024,0.026169296
1109.599976,0.027170742
1109.800049,0.028764823
1110,0.030306892
1110.199951,0.031825237
1110.400024,0.033225007
1110.599976,0.035222512
1110.800049,0.037157536
1111,0.039248548
1111.199951,0.041386597
1111.400024,0.043454435
1111.599976,0.046204478
1111.800049,0.048472848
1112,0.051420525
1112.199951,0.053817838
1112.400024,0.057475142
1112.599976,0.060588535
1112.800049,0.064223379
1113,0.06754341
1113.199951,0.07114996
1113.400024,0.075220972
1113.599976,0.079431891
1113.800049,0.083454356
1114,0.087616876
1114.199951,0.093058616
1114.400024,0.097639903
1114.599976,0.103268229
1114.800049,0.108134866
1115,0.113963373
1115.199951,0.11985451
1115.400024,0.126596183
1115.599976,0.132113665
1115.800049,0.139393777
1116,0.146920309
1116.199951,0.153972074
1116.400024,0.161524296
1116.599976,0.168371067
1116.800049,0.177794218
1117,0.18533726
1117.199951,0.19463554
1117.400024,0.201454997
1117.599976,0.211981311
1117.800049,0.220957324
1118,0.231165528
1118.199951,0.239384458
1118.400024,0.250159591
1118.599976,0.260185778
1118.800049,0.270296782
1119,0.279082686
1119.199951,0.288423419
1119.400024,0.300181359
1119.599976,0.309173435
1119.800049,0.320329219
1120,0.329087526
1120.199951,0.341214091
1120.400024,0.350531668
1120.599976,0.362292737
1120.800049,0.371317476
1121,0.384096205
1121.199951,0.396030992
1121.400024,0.4071123
1121.599976,0.418513417
1121.800049,0.429566562
1122,0.443479687
1122.199951,0.454367101
1122.400024,0.467269778
1122.599976,0.478608847
1122.800049,0.493633091
1123,0.506344974
1123.199951,0.520180464
1123.400024,0.531818748
1123.599976,0.545613468
1123.800049,0.558830917
1124,0.572454929
1124.199951,0.583938301
1124.400024,0.596006095
1124.599976,0.610274375
1124.800049,0.621101975
1125,0.63278985
1125.199951,0.641353309
1125.400024,0.654116213
1125.599976,0.663187563
1125.800049,0.673652232
1126,0.680839539
1126.199951,0.690623403
1126.400024,0.6994012
1126.599976,0.707044482
1126.800049,0.714042127
1127,0.720451653
1127.199951,0.729109228
1127.400024,0.735870719
1127.599976,0.74274987
1127.800049,0.748332858
1128,0.756335557
1128.199951,0.76300633
1128.400024,0.771213591
1128.599976,0.778875709
1128.800049,0.788058698
1129,0.79705286
1129.199951,0.80796665
1129.400024,0.816868424
1129.599976,0.828406692
1129.800049,0.842287123
1130,0.854479075
1130.199951,0.868720949
1130.400024,0.882766306
1130.599976,0.901182354
1130.800049,0.917526603
1131,0.937278211
1131.199951,0.954726458
1131.400024,0.980199993
1131.599976,1.003746748
1131.800049,1.029639363
1132,1.053076506
1132.199951,1.079724312
1132.400024,1.110887766
1132.599976,1.13973701
1132.800049,1.171241879
1133,1.19910562
1133.199951,1.239593625
1133.400024,1.275607347
1133.599976,1.315490484
1133.800049,1.348425031
1134,1.391079426
1134.199951,1.431215405
1134.400024,1.476922631
1134.599976,1.513507366
1134.800049,1.560296535
1135,1.608729124
1135.199951,1.6513381
1135.400024,1.697999239
1135.599976,1.735597849
1135.800049,1.786350608
1136,1.825953126
1136.199951,1.872226954
1136.400024,1.906934977
1136.599976,1.955713511
1136.800049,1.995633006
1137,2.038772345
1137.199951,2.07035017
1137.400024,2.10650444
1137.599976,2.142930269
1137.800049,2.17173028
1138,2.199452877
1138.199951,2.227076292
1138.400024,2.258414507
1138.599976,2.28152895
1138.800049,2.308885336
1139,2.328821182
1139.199951,2.353526354
1139.400024,2.374945402
1139.599976,2.396922588
1139.800049,2.413995504
1140,2.434632301
1140.199951,2.456315994
1140.400024,2.474653244
1140.599976,2.489025831
1140.800049,2.507977486
1141,2.526814222
1141.199951,2.543821335
1141.400024,2.558408737
1141.599976,2.570284843
1141.800049,2.5874753
1142,2.598570585
1142.199951,2.608673334
1142.400024,2.616119862
1142.599976,2.624907255
1142.800049,2.628493547
1143,2.629749537
1143.199951,2.627087116
1143.400024,2.621609926
1143.599976,2.614810944
1143.800049,2.605157137
1144,2.591084242
1144.199951,2.579503298
1144.400024,2.558977127
1144.599976,2.540848017
1144.800049,2.517065287
1145,2.499039173
1145.199951,2.471687317
1145.400024,2.446463108
1145.599976,2.42138958
1145.800049,2.398369551
1146,2.376579523
1146.199951,2.351434708
1146.400024,2.329308033
1146.599976,2.309764385
1146.800049,2.294757843
1147,2.274148464
1147.199951,2.259806871
1147.400024,2.242463589
1147.599976,2.231241465
1147.800049,2.218249083
1148,2.20701766
1148.199951,2.195099831
1148.400024,2.190943241
1148.599976,2.182914972
1148.800049,2.175378323
1149,2.16638875
1149.199951,2.161672115
1149.400024,2.155599594
1149.599976,2.148928642
1149.800049,2.144611835
1150,2.147479773
