Wavelength (nm),z
685.4799805,-0.023120519
685.2999878,-0.023490965
685.1199951,-0.023148434
684.9400024,-0.023280071
684.7600098,-0.023234505
684.5800171,-0.023260918
684.4000244,-0.023403434
684.2200317,-0.022699228
684.039978,-0.023396542
683.8599854,-0.022820612
683.6799927,-0.023429042
683.5,-0.023290599
683.3200073,-0.023558702
683.1400146,-0.023770375
682.960022,-0.023821382
682.7800293,-0.024111819
682.5999756,-0.02444851
682.4199829,-0.024465388
682.2399902,-0.025038213
682.0599976,-0.025220629
681.8800049,-0.025387181
681.7000122,-0.025484979
681.5200195,-0.025173655
681.3400269,-0.026038356
681.1600342,-0.026310757
680.9799805,-0.026413461
680.7999878,-0.02634801
680.6199951,-0.02685152
680.4400024,-0.026998064
680.2600098,-0.027089499
680.0800171,-0.027497625
679.9000244,-0.027187398
679.7200317,-0.027494814
679.539978,-0.027435496
679.3599854,-0.027766079
679.1799927,-0.027799219
679,-0.028149594
678.8200073,-0.027950678
678.6400146,-0.028129254
678.460022,-0.027954061
678.2800293,-0.028655414
678.0999756,-0.028489813
677.9199829,-0.028559653
677.7399902,-0.028173786
677.5599976,-0.028134739
677.3800049,-0.028809981
677.2000122,-0.028359393
677.0200195,-0.028518386
676.8400269,-0.02834231
676.6600342,-0.028909359
676.4799805,-0.028602077
676.2999878,-0.028809642
676.1199951,-0.028967718
675.9400024,-0.028849026
675.7600098,-0.028837498
675.5800171,-0.028652957
675.4000244,-0.028963935
675.2200317,-0.029119233
675.039978,-0.028516188
674.8599854,-0.029138321
674.6799927,-0.029100426
674.5,-0.029396597
674.3200073,-0.029179543
674.1400146,-0.028932488
673.960022,-0.028893817
673.7800293,-0.02894761
673.5999756,-0.028634103
673.4199829,-0.028982144
673.2399902,-0.028669115
673.0599976,-0.029073108
672.8800049,-0.029182982
672.7000122,-0.029232478
672.5200195,-0.028932126
672.3400269,-0.028821098
672.1600342,-0.029007735
671.9799805,-0.029067425
671.7999878,-0.029179629
671.6199951,-0.028944135
671.4400024,-0.028869979
671.2600098,-0.028925851
671.0800171,-0.028951664
670.9000244,-0.029127119
670.7200317,-0.028804349
670.539978,-0.029199261
670.3599854,-0.029250892
670.1799927,-0.029369108
670,-0.029269105
669.8200073,-0.029299201
669.6400146,-0.02887187
669.460022,-0.028919781
669.2800293,-0.029100679
669.0999756,-0.029060347
668.9199829,-0.028681399
668.7399902,-0.029089784
668.5599976,-0.029133722
668.3800049,-0.028949833
668.2000122,-0.028933169
668.0200195,-0.028644895
667.8400269,-0.028623119
667.6600342,-0.028712038
667.4799805,-0.028847018
667.2999878,-0.02889231
667.1199951,-0.028815772
666.9400024,-0.028653722
666.7600098,-0.028687658
666.5800171,-0.028887996
666.4000244,-0.028421927
666.2200317,-0.028528728
666.039978,-0.028794263
665.8599854,-0.029103382
665.6799927,-0.02899274
665.5,-0.028602969
665.3200073,-0.028832939
665.1400146,-0.028945325
664.960022,-0.028606484
664.7800293,-0.028743166
664.5999756,-0.02872619
664.4199829,-0.028336374
664.2399902,-0.028701829
664.0599976,-0.028740207
663.8800049,-0.028303685
663.7000122,-0.028750988
663.5200195,-0.028507074
663.3400269,-0.028737957
663.1599731,-0.028884368
662.9799805,-0.028123913
662.7999878,-0.028843557
662.6199951,-0.028288411
662.4400024,-0.028717337
662.2600098,-0.02854066
662.0800171,-0.028165793
661.9000244,-0.028596181
661.7200317,-0.028886346
661.539978,-0.028168
661.3599854,-0.028276853
661.1799927,-0.028044244
661,-0.028584547
660.8200073,-0.028156625
660.6400146,-0.02814861
660.460022,-0.028051546
660.2800293,-0.028237462
660.0999756,-0.028101329
659.9199829,-0.028439829
659.7399902,-0.027982559
659.5599976,-0.028390056
659.3800049,-0.028197391
659.2000122,-0.027778922
659.0200195,-0.027768869
658.8400269,-0.027603397
658.6599731,-0.027821437
658.4799805,-0.028079977
658.2999878,-0.027976267
658.1199951,-0.02757385
657.9400024,-0.027620211
657.7600098,-0.028026087
657.5800171,-0.027692245
657.4000244,-0.027655534
657.2200317,-0.027787138
657.039978,-0.027824767
656.8599854,-0.027698837
656.6799927,-0.027978141
656.5,-0.027588651
656.3200073,-0.027483981
656.1400146,-0.027472805
655.960022,-0.027685368
655.7800293,-0.027460247
655.5999756,-0.027212573
655.4199829,-0.027413072
655.2399902,-0.027306357
655.0599976,-0.027207462
654.8800049,-0.027231107
654.7000122,-0.026954472
654.5200195,-0.0275445
654.3400269,-0.02714034
654.1599731,-0.027055532
653.9799805,-0.027192384
653.7999878,-0.026773453
653.6199951,-0.027214892
653.4400024,-0.027013876
653.2600098,-0.026985142
653.0800171,-0.027228598
652.9000244,-0.026900392
652.7200317,-0.026978843
652.539978,-0.027050581
652.3599854,-0.026559699
652.1799927,-0.02659972
652,-0.026466491
651.8200073,-0.026398297
651.6400146,-0.026803255
651.460022,-0.026383493
651.2800293,-0.026161678
651.0999756,-0.026452146
650.9199829,-0.025873953
650.7399902,-0.026146049
650.5599976,-0.026542807
650.3800049,-0.025545809
650.2000122,-0.025991615
650.0200195,-0.026276769
649.8400269,-0.02580034
649.6599731,-0.025837982
649.4799805,-0.026010023
649.2999878,-0.025610087
649.1199951,-0.025873888
648.9400024,-0.02518826
648.7600098,-0.025143087
648.5800171,-0.025072906
648.4000244,-0.02504891
648.2200317,-0.024691259
648.039978,-0.024997965
647.8599854,-0.024693061
647.6799927,-0.024912206
647.5,-0.024573328
647.3200073,-0.024111662
647.1400146,-0.023781041
646.960022,-0.023474807
646.7800293,-0.023147406
646.5999756,-0.023204517
646.4199829,-0.022336181
646.2399902,-0.021887016
646.0599976,-0.021013124
645.8800049,-0.020121155
645.7000122,-0.019155163
645.5200195,-0.018197082
645.3400269,-0.016257156
645.1599731,-0.013407843
644.9799805,-0.010874139
644.7999878,-0.006659747
644.6199951,-0.001114318
644.4400024,0.004749794
644.2600098,0.013072294
644.0800171,0.020527683
643.9000244,0.026462905
643.7200317,0.028348923
643.539978,0.026593907
643.3599854,0.022056771
643.1799927,0.01456596
643,0.008506306
642.8200073,0.002089684
642.6400146,-0.002880094
642.460022,-0.007358946
642.2800293,-0.010124071
642.0999756,-0.01250527
641.9199829,-0.014892319
641.7399902,-0.01661353
641.5599976,-0.017762357
641.3800049,-0.018831622
641.2000122,-0.019403148
641.0200195,-0.020082997
640.8400269,-0.020656399
640.6599731,-0.021181691
640.4799805,-0.021429511
640.2999878,-0.021894425
640.1199951,-0.02190272
639.9400024,-0.022051919
639.7600098,-0.023035474
639.5800171,-0.022827193
639.4000244,-0.023021273
639.2200317,-0.022859961
639.039978,-0.022678534
638.8599854,-0.023133393
638.6799927,-0.023217408
638.5,-0.023119595
638.3200073,-0.023327474
638.1400146,-0.023460349
637.960022,-0.023012936
637.7800293,-0.023588544
637.5999756,-0.023629535
637.4199829,-0.023991235
637.2399902,-0.023623878
637.0599976,-0.023753399
636.8800049,-0.023432367
636.7000122,-0.023538463
636.5200195,-0.023970023
636.3400269,-0.023728088
636.1599731,-0.023743367
635.9799805,-0.023649596
635.7999878,-0.023938227
635.6199951,-0.023949429
635.4400024,-0.023721775
635.2600098,-0.023688572
635.0800171,-0.024110507
634.9000244,-0.023846822
634.7200317,-0.02402032
634.539978,-0.024172915
634.3599854,-0.023701364
634.1799927,-0.024310797
634,-0.023814345
633.8200073,-0.023932364
633.6400146,-0.023851108
633.460022,-0.024140665
633.2800293,-0.023877686
633.0999756,-0.023699876
632.9199829,-0.023981197
632.7399902,-0.023833532
632.5599976,-0.023770723
632.3800049,-0.023601137
632.2000122,-0.023862051
632.0200195,-0.023837538
631.8400269,-0.023862198
631.6599731,-0.023633847
631.4799805,-0.023588764
631.2999878,-0.023924656
631.1199951,-0.023526469
630.9400024,-0.023441566
630.7600098,-0.023485795
630.5800171,-0.023279248
630.4000244,-0.02323343
630.2200317,-0.023222165
630.039978,-0.022969993
629.8599854,-0.023182007
629.6799927,-0.02351974
629.5,-0.02329764
629.3200073,-0.023060013
629.1400146,-0.023371439
628.960022,-0.022694249
628.7800293,-0.022818424
628.5999756,-0.022748265
628.4199829,-0.022796936
628.2399902,-0.022802487
628.0599976,-0.022292819
627.8800049,-0.022515588
627.7000122,-0.022093104
627.5200195,-0.021501295
627.3400269,-0.021613229
627.1599731,-0.020733334
626.9799805,-0.021232571
626.7999878,-0.021005055
626.6199951,-0.020357309
626.4400024,-0.019835899
626.2600098,-0.019598067
626.0800171,-0.019527745
625.9000244,-0.018740516
625.7200317,-0.018475212
625.539978,-0.017433381
625.3599854,-0.016743517
625.1799927,-0.016312813
625,-0.015791023
624.8200073,-0.015321897
624.6400146,-0.014952553
624.460022,-0.014865563
624.2800293,-0.01418194
624.0999756,-0.014114434
623.9199829,-0.013951831
623.7399902,-0.013973223
623.5599976,-0.014706877
623.3800049,-0.014686554
623.2000122,-0.015321216
623.0200195,-0.015736828
622.8400269,-0.016330097
622.6599731,-0.016871536
622.4799805,-0.017813371
622.2999878,-0.018051742
622.1199951,-0.018358899
621.9400024,-0.019603353
621.7600098,-0.019521115
621.5800171,-0.020403538
621.4000244,-0.020346312
621.2200317,-0.020988209
621.039978,-0.021079479
620.8599854,-0.022167383
620.6799927,-0.022127217
620.5,-0.021957643
620.3200073,-0.022664391
620.1400146,-0.022651983
619.960022,-0.022899054
619.7800293,-0.023389306
619.5999756,-0.023184001
619.4199829,-0.023821909
619.2399902,-0.02356666
619.0599976,-0.024034411
618.8800049,-0.023876272
618.7000122,-0.024361912
618.5200195,-0.024079492
618.3400269,-0.02447856
618.1599731,-0.023791656
617.9799805,-0.024407627
617.7999878,-0.024284871
617.6199951,-0.024106834
617.4400024,-0.024277007
617.2600098,-0.024414383
617.0800171,-0.024861196
616.9000244,-0.024534998
616.7200317,-0.024876004
616.539978,-0.024689285
616.3599854,-0.024969513
616.1799927,-0.024824124
616,-0.024966896
615.8200073,-0.024628831
615.6400146,-0.024980994
615.460022,-0.025109757
615.2800293,-0.024835149
615.0999756,-0.02504614
614.9199829,-0.025262114
614.7399902,-0.025083404
614.5599976,-0.025244575
614.3800049,-0.025245445
614.2000122,-0.025064116
614.0200195,-0.025239782
613.8400269,-0.025415543
613.6599731,-0.025403691
613.4799805,-0.025165992
613.2999878,-0.025330126
613.1199951,-0.025060862
612.9400024,-0.025161123
612.7600098,-0.025416739
612.5800171,-0.025304655
612.4000244,-0.025378462
612.2200317,-0.025397617
612.039978,-0.025452755
611.8599854,-0.0249779
611.6799927,-0.025547875
611.5,-0.025348144
611.3200073,-0.025839068
611.1400146,-0.025685241
610.960022,-0.025500031
610.7800293,-0.025601363
610.5999756,-0.025338529
610.4199829,-0.024985598
610.2399902,-0.025382141
610.0599976,-0.025478674
609.8800049,-0.025005057
609.7000122,-0.025336372
609.5200195,-0.025537601
609.3400269,-0.025227221
609.1599731,-0.025510157
608.9799805,-0.025384691
608.7999878,-0.025931327
608.6199951,-0.025346838
608.4400024,-0.025326636
608.2600098,-0.025736924
608.0800171,-0.025503876
607.9000244,-0.025422722
607.7200317,-0.025867147
607.539978,-0.025281807
607.3599854,-0.025760606
607.1799927,-0.025420394
607,-0.025417056
606.8200073,-0.025377097
606.6400146,-0.025487561
606.460022,-0.024947379
606.2800293,-0.025445625
606.0999756,-0.025286464
605.9199829,-0.02560438
605.7399902,-0.025371473
605.5599976,-0.025408141
605.3800049,-0.025218451
605.2000122,-0.025316359
605.0200195,-0.025488101
604.8400269,-0.025147755
604.6599731,-0.025465395
604.4799805,-0.025438517
604.2999878,-0.024925401
604.1199951,-0.025290681
603.9400024,-0.024788026
603.7600098,-0.024786994
603.5800171,-0.025009789
603.4000244,-0.02498067
603.2199707,-0.024865113
603.039978,-0.02464202
602.8599854,-0.024673171
602.6799927,-0.02406824
602.5,-0.024542155
602.3200073,-0.024499899
602.1400146,-0.024244245
601.960022,-0.02418036
601.7800293,-0.023739699
601.5999756,-0.023775695
601.4199829,-0.023452474
601.2399902,-0.023343401
601.0599976,-0.023727041
600.8800049,-0.023116458
600.7000122,-0.023310808
600.5200195,-0.02277139
600.3400269,-0.022684736
600.1599731,-0.022631951
599.9799805,-0.022539539
599.7999878,-0.022607602
599.6199951,-0.022486392
599.4400024,-0.022446478
599.2600098,-0.022194287
599.0800171,-0.022242138
598.9000244,-0.021868413
598.7199707,-0.022205591
598.539978,-0.022340115
598.3599854,-0.02229226
598.1799927,-0.022331491
598,-0.022456907
597.8200073,-0.022888174
597.6400146,-0.023276037
597.460022,-0.023150701
597.2800293,-0.023406671
597.0999756,-0.023554029
596.9199829,-0.023502426
596.7399902,-0.023522761
596.5599976,-0.024525987
596.3800049,-0.023947293
596.2000122,-0.024348177
596.0200195,-0.024952285
595.8400269,-0.02509208
595.6599731,-0.025161888
595.2999878,-0.025440127
595.4799805,-0.025506478
595.1199951,-0.025799405
594.9400024,-0.025657434
594.7600098,-0.025785295
594.5800171,-0.025847476
594.4000244,-0.025841251
594.2199707,-0.02650688
594.039978,-0.026476026
593.8599854,-0.02590676
593.6799927,-0.026498957
593.5,-0.026210764
593.3200073,-0.026938887
593.1400146,-0.026542217
592.960022,-0.026474498
592.7800293,-0.027059961
592.5999756,-0.026665401
592.4199829,-0.026612585
592.2399902,-0.026676115
592.0599976,-0.027041586
591.8800049,-0.02680245
591.7000122,-0.026643446
591.5200195,-0.026779214
591.3400269,-0.027113905
591.1599731,-0.026518648
590.9799805,-0.026945433
590.7999878,-0.027234402
590.6199951,-0.027131429
590.4400024,-0.027123844
590.2600098,-0.026533576
590.0800171,-0.026420902
589.9000244,-0.027031632
589.7199707,-0.027270859
589.539978,-0.027037604
589.3599854,-0.026997473
589.1799927,-0.02679863
589,-0.026825909
588.8200073,-0.026725389
588.6400146,-0.027066698
588.460022,-0.027392689
588.2800293,-0.026990529
588.0999756,-0.02706304
587.9199829,-0.027122308
587.7399902,-0.026893966
587.5599976,-0.0270666
587.3800049,-0.026563995
587.2000122,-0.026683226
587.0200195,-0.026961477
586.8400269,-0.026863897
586.6599731,-0.026760219
586.4799805,-0.026878104
586.2999878,-0.02701569
586.1199951,-0.02695057
585.9400024,-0.026727121
585.7600098,-0.026489891
585.5800171,-0.027052607
585.4000244,-0.026802734
585.2199707,-0.027022833
585.039978,-0.026963508
584.8599854,-0.02681255
584.6799927,-0.026888208
584.5,-0.026801616
584.3200073,-0.027004583
584.1400146,-0.026714932
583.960022,-0.026708458
583.7800293,-0.026472729
583.5999756,-0.026999522
583.4199829,-0.02647119
583.2399902,-0.02679247
583.0599976,-0.026488189
582.8800049,-0.02720389
582.7000122,-0.026715437
582.5200195,-0.027010605
582.3400269,-0.026746726
582.1599731,-0.026358927
581.9799805,-0.026410725
581.7999878,-0.026707221
581.6199951,-0.026855839
581.4400024,-0.027305039
581.2600098,-0.026611682
581.0800171,-0.026600529
580.9000244,-0.026792521
580.7199707,-0.026694866
580.539978,-0.026923375
580.3599854,-0.026600895
580.1799927,-0.026402162
580,-0.02674867
579.8200073,-0.026570223
579.6400146,-0.026633296
579.460022,-0.026224092
579.2800293,-0.0266238
579.0999756,-0.026622254
578.9199829,-0.026278399
578.7399902,-0.02585266
578.5599976,-0.026021721
578.3800049,-0.0263368
578.2000122,-0.026458353
578.0200195,-0.026244242
577.8400269,-0.025883824
577.6599731,-0.026170682
577.4799805,-0.025874723
577.2999878,-0.026168298
577.1199951,-0.026230928
576.9400024,-0.026036821
576.7600098,-0.026062001
576.5800171,-0.026197208
576.4000244,-0.025987748
576.2199707,-0.026257958
576.039978,-0.026212394
575.8599854,-0.026181869
575.6799927,-0.026245968
575.5,-0.026397331
575.3200073,-0.02659598
575.1400146,-0.026949277
574.960022,-0.026616929
574.7800293,-0.026634201
574.5999756,-0.026878571
574.4199829,-0.026592182
574.2399902,-0.026763394
574.0599976,-0.026666664
573.8800049,-0.027026655
573.7000122,-0.027036378
573.5200195,-0.026967857
573.3400269,-0.027211202
573.1599731,-0.026899483
572.9799805,-0.02645776
572.7999878,-0.026696805
572.6199951,-0.02677303
572.4400024,-0.026659757
572.2600098,-0.026373016
572.0800171,-0.026283756
571.9000244,-0.026958928
571.7199707,-0.026311411
571.539978,-0.026830053
571.3599854,-0.026417227
571.1799927,-0.026503475
571,-0.026778733
570.8200073,-0.0268456
570.6400146,-0.026946919
570.460022,-0.02662552
570.2800293,-0.026600864
570.0999756,-0.02676191
569.9199829,-0.026823498
569.7399902,-0.026862241
569.5599976,-0.027047386
569.3800049,-0.026503118
569.2000122,-0.026474945
569.0200195,-0.026784144
568.8400269,-0.026624467
568.6599731,-0.027021224
568.4799805,-0.026479879
568.2999878,-0.026555989
568.1199951,-0.026830457
567.9400024,-0.026900135
567.7600098,-0.026750268
567.5800171,-0.027067684
567.4000244,-0.026685677
567.2199707,-0.026872445
567.039978,-0.026680814
566.8599854,-0.026619621
566.6799927,-0.026417559
566.5,-0.026617829
566.3200073,-0.026512312
566.1400146,-0.027001319
565.960022,-0.026789989
565.7800293,-0.027468784
565.5999756,-0.026668282
565.4199829,-0.027022604
565.2399902,-0.02668884
565.0599976,-0.026647024
564.8800049,-0.027165847
564.7000122,-0.026797937
564.5200195,-0.026769875
564.3400269,-0.026935712
564.1599731,-0.026809746
563.9799805,-0.02713237
563.7999878,-0.026606785
563.6199951,-0.027069842
563.4400024,-0.026880542
563.2600098,-0.027197031
563.0800171,-0.026768582
562.9000244,-0.026872657
562.7199707,-0.026689546
562.539978,-0.027009629
562.3599854,-0.026676668
562.1799927,-0.027258487
562,-0.026534809
561.8200073,-0.026816517
561.6400146,-0.026576646
561.460022,-0.026959004
561.2800293,-0.026892938
561.0999756,-0.027015593
560.9199829,-0.027004929
560.7399902,-0.027128158
560.5599976,-0.027227318
560.3800049,-0.027002502
560.2000122,-0.02670983
560.0200195,-0.027275892
559.8400269,-0.02677127
559.6599731,-0.026922936
559.4799805,-0.026896363
559.2999878,-0.026868304
559.1199951,-0.026658539
558.9400024,-0.027251424
558.7600098,-0.02708194
558.5800171,-0.026845586
558.4000244,-0.027217565
558.2199707,-0.026700722
558.039978,-0.026588209
557.8599854,-0.026765699
557.6799927,-0.026770122
557.5,-0.026478671
557.3200073,-0.026737506
557.1400146,-0.026666073
556.960022,-0.026500883
556.7800293,-0.027006043
556.5999756,-0.026446177
556.4199829,-0.026450818
556.2399902,-0.026823245
556.0599976,-0.026830308
555.8800049,-0.026672091
555.7000122,-0.025557945
555.5200195,-0.026640372
555.3400269,-0.02652226
555.1599731,-0.026698587
554.9799805,-0.026397491
554.7999878,-0.026712794
554.6199951,-0.026958937
554.4400024,-0.026399631
554.2600098,-0.026735803
554.0800171,-0.027062628
553.9000244,-0.026834931
553.7199707,-0.027019376
553.539978,-0.026756138
553.3599854,-0.026344232
553.1799927,-0.02702326
553,-0.027150096
552.8200073,-0.027352043
552.6400146,-0.026826927
552.460022,-0.026744107
552.2800293,-0.026741767
552.0999756,-0.026908973
551.9199829,-0.026955413
551.7399902,-0.027065061
551.5599976,-0.026780736
551.3800049,-0.026847361
551.2000122,-0.026885999
551.0200195,-0.02669584
550.8400269,-0.027023779
550.6599731,-0.026941448
550.4799805,-0.026860414
550.2999878,-0.02693986
550.1199951,-0.027199168
549.9400024,-0.026871761
549.7600098,-0.027084237
549.5800171,-0.027248796
549.4000244,-0.026919629
549.2199707,-0.027199989
549.039978,-0.027073858
548.8599854,-0.027179237
548.6799927,-0.02663954
548.5,-0.026836205
548.3200073,-0.027046157
548.1400146,-0.027075265
547.960022,-0.02685779
547.7800293,-0.026956081
547.5999756,-0.026583243
547.4199829,-0.027133675
547.2399902,-0.027276399
547.0599976,-0.026834765
546.8800049,-0.026831381
546.7000122,-0.027089633
546.5200195,-0.026970677
546.3400269,-0.026944492
546.1599731,-0.026947763
545.9799805,-0.026739372
545.7999878,-0.026518743
545.6199951,-0.026075408
545.4400024,-0.026822867
545.2600098,-0.025974762
545.0800171,-0.026296789
544.9000244,-0.026061343
544.7199707,-0.026092969
544.539978,-0.025796641
544.3599854,-0.025951257
544.1799927,-0.02598663
544,-0.02545768
543.8200073,-0.025664642
543.6400146,-0.025330339
543.460022,-0.025048427
543.2800293,-0.025446562
543.0999756,-0.024950016
542.9199829,-0.024759434
542.7399902,-0.024745179
542.5599976,-0.024791673
542.3800049,-0.025164563
542.2000122,-0.024806373
542.0200195,-0.024455018
541.8400269,-0.024637518
541.6599731,-0.024191391
541.4799805,-0.024596173
541.2999878,-0.024436502
541.1199951,-0.024112351
540.9400024,-0.02449083
540.7600098,-0.024191109
540.5800171,-0.023993401
540.4000244,-0.024658451
540.2199707,-0.024332404
540.039978,-0.024320595
539.8599854,-0.024356555
539.6799927,-0.024853379
539.5,-0.024526225
539.3200073,-0.024367925
539.1400146,-0.024470564
538.960022,-0.024611725
538.7799683,-0.024784546
538.5999756,-0.025062077
538.4199829,-0.024970857
538.2399902,-0.02499124
538.0599976,-0.025371265
537.8800049,-0.025459223
537.7000122,-0.025960173
537.5200195,-0.025729472
537.3400269,-0.025800115
537.1599731,-0.025981743
536.9799805,-0.026132388
536.7999878,-0.026122957
536.6199951,-0.02626369
536.4400024,-0.026504535
536.2600098,-0.026562199
536.0800171,-0.026235497
535.9000244,-0.026511261
535.7199707,-0.026842823
535.539978,-0.026917245
535.3599854,-0.026508974
535.1799927,-0.027003666
535,-0.027324844
534.8200073,-0.027427647
534.6400146,-0.027278418
534.460022,-0.027085064
534.2799683,-0.027079731
534.0999756,-0.027178595
533.9199829,-0.027469324
533.7399902,-0.02769981
533.5599976,-0.027283531
533.3800049,-0.027423006
533.2000122,-0.027307699
533.0200195,-0.027454548
532.8400269,-0.027334949
532.6599731,-0.027713582
532.4799805,-0.027201926
532.2999878,-0.027792178
532.1199951,-0.027818285
531.9400024,-0.027901281
531.7600098,-0.028002702
531.5800171,-0.027893467
531.4000244,-0.027690239
531.2199707,-0.027478492
531.039978,-0.028053315
530.8599854,-0.02760485
530.6799927,-0.028078482
530.5,-0.028077098
530.3200073,-0.027228883
530.1400146,-0.027754236
529.960022,-0.027783204
529.7799683,-0.027230978
529.5999756,-0.027261255
529.4199829,-0.028077301
529.2399902,-0.027284203
529.0599976,-0.027842829
528.8800049,-0.028068904
528.7000122,-0.027682323
528.5200195,-0.027424993
528.3400269,-0.027808599
528.1599731,-0.027788946
527.9799805,-0.027680863
527.7999878,-0.027903853
527.6199951,-0.027754312
527.4400024,-0.027537005
527.2600098,-0.027726395
527.0800171,-0.027615044
526.9000244,-0.027670981
526.7199707,-0.027513545
526.539978,-0.027427031
526.3599854,-0.027396576
526.1799927,-0.027527401
526,-0.027260784
525.8200073,-0.027252711
525.6400146,-0.027439535
525.460022,-0.027236823
525.2799683,-0.027458727
525.0999756,-0.026929382
524.9199829,-0.02669441
524.7399902,-0.026815055
524.5599976,-0.026884602
524.3800049,-0.027126331
524.2000122,-0.026869126
524.0200195,-0.027022786
523.8400269,-0.026617143
523.6599731,-0.02642902
523.4799805,-0.025994208
523.2999878,-0.02612008
523.1199951,-0.025960891
522.9400024,-0.02547848
522.7600098,-0.025749011
522.5800171,-0.024634646
522.4000244,-0.024956992
522.2199707,-0.024209803
522.039978,-0.024214525
521.8599854,-0.023482367
521.6799927,-0.022665853
521.5,-0.022679614
521.3200073,-0.021380398
521.1400146,-0.020790787
520.960022,-0.020052558
520.7799683,-0.019353217
520.5999756,-0.01859024
520.4199829,-0.018267283
520.2399902,-0.017246624
520.0599976,-0.016971154
519.8800049,-0.017347118
519.7000122,-0.016895944
519.5200195,-0.016829086
519.3400269,-0.017404089
519.1599731,-0.018399803
518.9799805,-0.018742103
518.7999878,-0.019195752
518.6199951,-0.020211825
518.4400024,-0.020751869
518.2600098,-0.021724068
518.0800171,-0.021935023
517.9000244,-0.022423597
517.7199707,-0.023003045
517.539978,-0.023206022
517.3599854,-0.023826284
517.1799927,-0.023769565
517,-0.024665011
516.8200073,-0.025082316
516.6400146,-0.025348572
516.460022,-0.025429208
516.2799683,-0.025600594
516.0999756,-0.025608713
515.9199829,-0.026246781
515.7399902,-0.026024427
515.5599976,-0.026146416
515.3800049,-0.02649438
515.2000122,-0.026887024
515.0200195,-0.026978083
514.8400269,-0.026802117
514.6599731,-0.027095387
514.4799805,-0.026798595
514.2999878,-0.027168864
514.1199951,-0.026832717
513.9400024,-0.027161691
513.7600098,-0.027284227
513.5800171,-0.027332626
513.4000244,-0.02776939
513.2199707,-0.027453998
513.039978,-0.027425976
512.8599854,-0.027424598
512.6799927,-0.027987748
512.5,-0.027832232
512.3200073,-0.02758746
512.1400146,-0.027751818
511.9599915,-0.027702414
511.7799988,-0.027685881
511.6000061,-0.027432168
511.4199829,-0.027868621
511.2399902,-0.027875066
511.0599976,-0.028009661
510.8800049,-0.027381876
510.7000122,-0.02794482
510.519989,-0.02779508
510.3399963,-0.027872669
510.1600037,-0.0280199
509.980011,-0.027537469
509.7999878,-0.028065074
509.6199951,-0.027844202
509.4400024,-0.027525673
509.2600098,-0.027535655
509.0799866,-0.027889133
508.8999939,-0.027557705
508.7200012,-0.02767933
508.5400085,-0.027943872
508.3599854,-0.027682047
508.1799927,-0.027642693
508,-0.027722528
507.8200073,-0.027414482
507.6399841,-0.027601797
507.4599915,-0.027161386
507.2799988,-0.027287824
507.1000061,-0.027039487
506.9199829,-0.026858784
506.7399902,-0.026746463
506.5599976,-0.026688175
506.3800049,-0.026257787
506.2000122,-0.025130922
506.019989,-0.025883326
505.8399963,-0.024973948
505.6600037,-0.024218632
505.480011,-0.023758017
505.2999878,-0.022905223
505.1199951,-0.021762092
504.9400024,-0.019918192
504.7600098,-0.019065147
504.5799866,-0.018030804
504.3999939,-0.016931022
504.2200012,-0.016455466
504.0400085,-0.016553562
503.8599854,-0.017876169
503.6799927,-0.019193634
503.5,-0.021001875
503.3200073,-0.021994464
503.1399841,-0.023014583
502.9599915,-0.024630759
502.7799988,-0.025009286
502.6000061,-0.025735997
502.4199829,-0.026086418
502.2399902,-0.026608229
502.0599976,-0.026909629
501.8800049,-0.026954254
501.7000122,-0.026775789
501.519989,-0.027383596
501.3399963,-0.027227119
501.1600037,-0.027576949
500.980011,-0.027855743
500.7999878,-0.027757335
500.6199951,-0.028138338
500.4400024,-0.028166082
500.2600098,-0.027815489
500.0799866,-0.027929563
499.8999939,-0.028207034
499.7200012,-0.028280783
499.5400085,-0.027881153
499.3599854,-0.028291754
499.1799927,-0.027829295
499,-0.028336026
498.8200073,-0.027956771
498.6399841,-0.028200826
498.4599915,-0.028231304
498.2799988,-0.028068801
498.1000061,-0.028396415
497.9199829,-0.028516389
497.7399902,-0.028114796
497.5599976,-0.028260095
497.3800049,-0.028580625
497.2000122,-0.027856708
497.019989,-0.027982496
496.8399963,-0.0280884
496.6600037,-0.028392512
496.480011,-0.02872812
496.2999878,-0.028582014
496.1199951,-0.02860708
495.9400024,-0.028580643
495.7600098,-0.028090173
495.5799866,-0.028004136
495.3999939,-0.028146332
495.2200012,-0.028190188
495.0400085,-0.028667133
494.8599854,-0.02816214
494.6799927,-0.028679665
494.5,-0.028587811
494.3200073,-0.028211752
494.1399841,-0.02849175
493.9599915,-0.028553937
493.7799988,-0.028385671
493.6000061,-0.028594427
493.4199829,-0.028557461
493.2399902,-0.028630981
493.0599976,-0.02837164
492.8800049,-0.028615352
492.6999817,-0.028777832
492.519989,-0.028557479
492.3399963,-0.028792379
492.1600037,-0.028460942
491.980011,-0.028911507
491.7999878,-0.028404221
491.6199951,-0.028616667
491.4400024,-0.028743278
491.2600098,-0.028666653
491.0799866,-0.028553864
490.8999939,-0.028711671
490.7200012,-0.028582454
490.5400085,-0.028863726
490.3599854,-0.029103903
490.1799927,-0.028487833
490,-0.028612575
489.8200073,-0.028884394
489.6399841,-0.028723123
489.4599915,-0.028773671
489.2799988,-0.028350551
489.1000061,-0.028931256
488.9199829,-0.028838612
488.7399902,-0.028473435
488.5599976,-0.028496744
488.3800049,-0.028512277
488.1999817,-0.028809117
488.019989,-0.028760176
487.8399963,-0.02875209
487.6600037,-0.028398307
487.480011,-0.028776366
487.2999878,-0.028869327
487.1199951,-0.028195383
486.9400024,-0.028503522
486.7600098,-0.028450465
486.5799866,-0.029226614
486.3999939,-0.028547095
486.2200012,-0.028691011
486.0400085,-0.028508715
485.8599854,-0.028423499
485.6799927,-0.028283097
485.5,-0.028741578
485.3200073,-0.028520353
485.1399841,-0.02863121
484.9599915,-0.028884184
484.7799988,-0.028661828
484.6000061,-0.028500639
484.4199829,-0.028762763
484.2399902,-0.028663293
484.0599976,-0.028542001
483.8800049,-0.02869493
483.6999817,-0.028533168
483.519989,-0.029021312
483.3399963,-0.028860688
483.1600037,-0.028666208
482.980011,-0.028806837
482.7999878,-0.028388895
482.6199951,-0.028677709
482.4400024,-0.028693138
482.2600098,-0.0290858
482.0799866,-0.028414853
481.8999939,-0.029054346
481.7200012,-0.028591108
481.5400085,-0.028865965
481.3599854,-0.028854039
481.1799927,-0.028568512
481,-0.028565003
480.8200073,-0.028654706
480.6399841,-0.028882472
480.4599915,-0.028513003
480.2799988,-0.028561899
480.1000061,-0.028734831
479.9199829,-0.029149916
479.7399902,-0.028882278
479.5599976,-0.028658608
479.3800049,-0.028585596
479.1999817,-0.028507886
479.019989,-0.0285552
478.8399963,-0.028444303
478.6600037,-0.028748455
478.480011,-0.02840998
478.2999878,-0.028600434
478.1199951,-0.0283486
477.9400024,-0.028852766
477.7600098,-0.028633496
477.5799866,-0.02857681
477.3999939,-0.028657215
477.2200012,-0.028508374
477.0400085,-0.02849965
476.8599854,-0.02851315
476.6799927,-0.028702239
476.5,-0.028765524
476.3200073,-0.02867448
476.1399841,-0.028911974
475.9599915,-0.028845524
475.7799988,-0.028847154
475.6000061,-0.02875961
475.4199829,-0.02848481
475.2399902,-0.028668329
475.0599976,-0.028928075
474.8800049,-0.028338863
474.6999817,-0.028785257
474.519989,-0.028390022
474.3399963,-0.028794378
474.1600037,-0.028937202
473.980011,-0.028720865
473.7999878,-0.028739052
473.6199951,-0.028665107
473.4400024,-0.028574072
473.2600098,-0.028101325
473.0799866,-0.028370885
472.8999939,-0.028103864
472.7200012,-0.028316086
472.5400085,-0.028074326
472.3599854,-0.027930267
472.1799927,-0.02796606
472,-0.027233565
471.8200073,-0.027580258
471.6399841,-0.026905714
471.4599915,-0.026839191
471.2799988,-0.026036596
471.1000061,-0.024888009
470.9199829,-0.02406962
470.7399902,-0.022952205
470.5599976,-0.02142367
470.3800049,-0.019936416
470.1999817,-0.018532332
470.019989,-0.017487425
469.8399963,-0.017721334
469.6600037,-0.018110709
469.480011,-0.020431198
469.2999878,-0.021104295
469.1199951,-0.022557288
468.9400024,-0.023621805
468.7600098,-0.02462694
468.5799866,-0.024874698
468.3999939,-0.02561317
468.2200012,-0.026080152
468.0400085,-0.02638495
467.8599854,-0.027205879
467.6799927,-0.026987921
467.5,-0.027064756
467.3200073,-0.027375016
467.1399841,-0.027895527
466.9599915,-0.028045258
466.7799988,-0.028277649
466.6000061,-0.027706172
466.4199829,-0.027749691
466.2399902,-0.02814435
466.0599976,-0.028386701
465.8800049,-0.027980641
465.6999817,-0.0279637
465.519989,-0.028416587
465.3399963,-0.02845262
465.1600037,-0.028344972
464.9799805,-0.028089138
464.7999878,-0.028443892
464.6199951,-0.028250718
464.4400024,-0.028889921
464.2600098,-0.028516721
464.0799866,-0.028557176
463.8999939,-0.028621608
463.7200012,-0.028596828
463.5400085,-0.028793802
463.3599854,-0.028881595
463.1799927,-0.028493308
463,-0.02846273
462.8200073,-0.028484749
462.6399841,-0.028905883
462.4599915,-0.028345268
462.2799988,-0.028427213
462.1000061,-0.028339989
461.9199829,-0.028534332
461.7399902,-0.029017746
461.5599976,-0.028996367
461.3800049,-0.029053178
461.1999817,-0.028627463
461.019989,-0.028941896
460.8399963,-0.028719105
460.6600037,-0.028571265
460.4799805,-0.028553154
460.2999878,-0.028653245
460.1199951,-0.028408753
459.9400024,-0.028787483
459.7600098,-0.028435854
459.5799866,-0.028574659
459.3999939,-0.02870019
459.2200012,-0.028276373
459.0400085,-0.02865807
458.8599854,-0.028644891
458.6799927,-0.028900633
458.5,-0.028746054
458.3200073,-0.028244689
458.1399841,-0.028709736
457.9599915,-0.028376205
457.7799988,-0.028408494
457.6000061,-0.028651854
457.4199829,-0.028543111
457.2399902,-0.028393362
457.0599976,-0.02853323
456.8800049,-0.029027745
456.6999817,-0.028577214
456.519989,-0.02858912
456.3399963,-0.028368169
456.1600037,-0.028339526
455.9799805,-0.028295262
455.7999878,-0.028536407
455.6199951,-0.028076975
455.4400024,-0.028221795
455.2600098,-0.028187653
455.0799866,-0.028011426
454.8999939,-0.027922474
454.7200012,-0.028342824
454.5400085,-0.028274607
454.3599854,-0.028312709
454.1799927,-0.028001569
454,-0.027882112
453.8200073,-0.027792212
453.6399841,-0.028268475
453.4599915,-0.027757041
453.2799988,-0.028039752
453.1000061,-0.028025795
452.9199829,-0.027673645
452.7399902,-0.028103767
452.5599976,-0.027902434
452.3800049,-0.028066555
452.1999817,-0.027714835
452.019989,-0.028042618
451.8399963,-0.027641065
451.6600037,-0.027969018
451.4799805,-0.027850023
451.2999878,-0.028297642
451.1199951,-0.028292352
450.9400024,-0.028091727
450.7600098,-0.028195515
450.5799866,-0.028578615
450.3999939,-0.028629022
450.2200012,-0.02833296
450.0400085,-0.027921584
449.8599854,-0.028265297
449.6799927,-0.028500013
449.5,-0.028308772
449.3200073,-0.028360423
449.1399841,-0.02846884
448.9599915,-0.028246321
448.7799988,-0.028047081
448.6000061,-0.028615896
448.4199829,-0.028561398
448.2399902,-0.02878562
448.0599976,-0.028436165
447.8800049,-0.028382128
447.6999817,-0.028322695
447.519989,-0.02842414
447.3399963,-0.028563498
447.1600037,-0.028245052
446.9799805,-0.028504431
446.7999878,-0.028234746
446.6199951,-0.028264873
446.4400024,-0.029013895
446.2600098,-0.028249068
446.0799866,-0.028453225
445.8999939,-0.02841411
445.7200012,-0.028609442
445.5400085,-0.02804951
445.3599854,-0.028212106
445.1799927,-0.028581204
445,-0.028496964
444.8200073,-0.028173393
444.6399841,-0.028194737
444.4599915,-0.028211979
444.2799988,-0.028220735
444.1000061,-0.028427446
443.9199829,-0.028249566
443.7399902,-0.028025825
443.5599976,-0.027984718
443.3800049,-0.02815431
443.1999817,-0.028546402
443.019989,-0.02809998
442.8399963,-0.028471965
442.6600037,-0.02811832
442.4799805,-0.02821878
442.2999878,-0.028155573
442.1199951,-0.027726481
441.9400024,-0.028083485
441.7600098,-0.027912028
441.5799866,-0.027690336
441.3999939,-0.02782676
441.2200012,-0.027652089
441.0400085,-0.027166374
440.8599854,-0.027938675
440.6799927,-0.026970427
440.5,-0.026783437
440.3200073,-0.027316514
440.1399841,-0.027429555
439.9599915,-0.027459828
439.7799988,-0.027100179
439.6000061,-0.027174167
439.4199829,-0.027738838
439.2399902,-0.026795477
439.0599976,-0.027470611
438.8800049,-0.027106008
438.6999817,-0.027482832
438.519989,-0.027415715
438.3399963,-0.027275635
438.1600037,-0.027484747
437.9799805,-0.027865801
437.7999878,-0.027234748
437.6199951,-0.027957015
437.4400024,-0.028060585
437.2600098,-0.027758297
437.0799866,-0.028017865
436.8999939,-0.027934581
436.7200012,-0.028351327
436.5400085,-0.028455447
436.3599854,-0.028373079
436.1799927,-0.028683495
436,-0.028686522
435.8200073,-0.028279899
435.6399841,-0.028367341
435.4599915,-0.028631493
435.2799988,-0.028544353
435.1000061,-0.028345052
434.9199829,-0.028450958
434.7399902,-0.028532002
434.5599976,-0.029007088
434.3800049,-0.028683856
434.1999817,-0.02855937
434.019989,-0.028612735
433.8399963,-0.028457638
433.6600037,-0.028756883
433.4799805,-0.028508792
433.2999878,-0.028717037
433.1199951,-0.028642721
432.9400024,-0.028638696
432.7599792,-0.02890387
432.5799866,-0.028429782
432.3999939,-0.028826509
432.2200012,-0.028662844
432.0400085,-0.028636917
431.8599854,-0.028897133
431.6799927,-0.028600175
431.5,-0.029169325
431.3200073,-0.028491849
431.1399841,-0.028861536
430.9599915,-0.028952915
430.7799988,-0.028737457
430.6000061,-0.029135199
430.4199829,-0.02880263
430.2399902,-0.028823014
430.0599976,-0.028536687
429.8800049,-0.028830603
429.6999817,-0.029069502
429.519989,-0.029004123
429.3399963,-0.028829867
429.1600037,-0.028883573
428.9799805,-0.028625187
428.7999878,-0.028530523
428.6199951,-0.029014753
428.4400024,-0.02890501
428.2599792,-0.028771212
428.0799866,-0.029102469
427.8999939,-0.028693739
427.7200012,-0.029018557
427.5400085,-0.028827999
427.3599854,-0.029171187
427.1799927,-0.029052509
427,-0.028879164
426.8200073,-0.028930925
426.6399841,-0.029095516
426.4599915,-0.029413184
426.2799988,-0.028359933
426.1000061,-0.028547928
425.9199829,-0.028963629
425.7399902,-0.029281884
425.5599976,-0.029231044
425.3800049,-0.029366447
425.1999817,-0.028814752
425.019989,-0.029338617
424.8399963,-0.029099582
424.6600037,-0.028880024
424.4799805,-0.028902674
424.2999878,-0.029103979
424.1199951,-0.028384406
423.9400024,-0.029470023
423.7599792,-0.029012855
423.5799866,-0.02877559
423.3999939,-0.028959842
423.2200012,-0.028330192
423.0400085,-0.029042533
422.8599854,-0.029111043
422.6799927,-0.028751316
422.5,-0.028432895
422.3200073,-0.029093586
422.1399841,-0.028629974
421.9599915,-0.028621621
421.7799988,-0.028801812
421.6000061,-0.028610948
421.4199829,-0.028270695
421.2399902,-0.028999347
421.0599976,-0.029072601
420.8800049,-0.028350906
420.6999817,-0.028175704
420.519989,-0.028709358
420.3399963,-0.028274592
420.1600037,-0.029038761
419.9799805,-0.028085791
419.7999878,-0.028596219
419.6199951,-0.028346479
419.4400024,-0.028330201
419.2599792,-0.028015032
419.0799866,-0.026632898
418.8999939,-0.025516992
418.7200012,-0.024621913
418.5400085,-0.021898003
418.3599854,-0.016534399
418.1799927,-0.011026796
418,-0.007232491
417.8200073,-0.006991961
417.6399841,-0.011134272
417.4599915,-0.017790053
417.2799988,-0.022038156
417.1000061,-0.024610505
416.9199829,-0.026419144
416.7399902,-0.02684129
416.5599976,-0.027777322
416.3800049,-0.028291371
416.1999817,-0.028420379
416.019989,-0.028019005
415.8399963,-0.028370537
415.6600037,-0.029082553
415.4799805,-0.028560057
415.2999878,-0.028693506
415.1199951,-0.029355494
414.9400024,-0.029048173
414.7599792,-0.029163089
414.5799866,-0.028651705
414.3999939,-0.029172691
414.2200012,-0.029226853
414.0400085,-0.029147705
413.8599854,-0.028931247
413.6799927,-0.028852344
413.5,-0.029135093
413.3200073,-0.029449066
413.1399841,-0.029519936
412.9599915,-0.028917916
412.7799988,-0.028890846
412.6000061,-0.029546544
412.4199829,-0.029600509
412.2399902,-0.029118136
412.0599976,-0.029810468
411.8800049,-0.029534897
411.6999817,-0.029355541
411.519989,-0.029480029
411.3399963,-0.029814817
411.1600037,-0.029364124
410.9799805,-0.029522533
410.7999878,-0.028796893
410.6199951,-0.028557118
410.4400024,-0.029207449
410.2599792,-0.028382542
410.0799866,-0.02950361
409.8999939,-0.029307188
409.7200012,-0.029584184
409.5400085,-0.029615747
409.3599854,-0.02908342
409.1799927,-0.029064063
409,-0.028687431
408.8200073,-0.029225973
408.6399841,-0.029719362
408.4599915,-0.02963868
408.2799988,-0.029392071
408.1000061,-0.02931403
407.9199829,-0.029716197
407.7399902,-0.028980907
407.5599976,-0.02935669
407.3800049,-0.029810321
407.1999817,-0.029152276
407.019989,-0.029651867
406.8399963,-0.029579321
406.6600037,-0.029504279
406.4799805,-0.029362096
406.2999878,-0.029686011
406.1199951,-0.029766724
405.9400024,-0.028832717
405.7599792,-0.02978457
405.5799866,-0.029334676
405.3999939,-0.029157422
405.2200012,-0.029621786
405.039978,-0.029320952
404.8599854,-0.029969465
404.6799927,-0.029428095
404.5,-0.029069507
404.3200073,-0.029151727
404.1399841,-0.030000357
403.9599915,-0.02915276
403.7799988,-0.029233005
403.6000061,-0.029586971
403.4199829,-0.030178107
403.2399902,-0.029803958
403.0599976,-0.02906562
402.8800049,-0.029643688
402.6999817,-0.029299956
402.519989,-0.02926643
402.3399963,-0.029536627
402.1600037,-0.029619053
401.9799805,-0.02992449
401.7999878,-0.02999316
401.6199951,-0.029777993
401.4400024,-0.02937278
401.2599792,-0.029581649
401.0799866,-0.029912096
400.8999939,-0.028698968
400.7200012,-0.029372688
400.539978,-0.029774584
400.3599854,-0.029840019
400.1799927,-0.02942401
400,-0.029381694
399.8200073,-0.029821238
399.6399841,-0.029443281
399.4599915,-0.029545248
399.2799988,-0.029286195
399.1000061,-0.029122861
398.9199829,-0.02937215
398.7399902,-0.029476598
398.5599976,-0.028807033
398.3800049,-0.030317856
398.1999817,-0.029649828
398.019989,-0.029467203
397.8399963,-0.029266905
397.6600037,-0.029077293
397.4799805,-0.029695211
397.2999878,-0.029379372
397.1199951,-0.029004464
396.9400024,-0.029435838
396.7599792,-0.029285789
396.5799866,-0.030047761
396.3999939,-0.029506493
396.2200012,-0.029493412
396.039978,-0.029591264
395.8599854,-0.030019604
395.6799927,-0.029097809
395.5,-0.029182687
395.3200073,-0.029361516
395.1399841,-0.029319882
394.9599915,-0.028968925
394.7799988,-0.029111024
394.6000061,-0.029452238
394.4199829,-0.029501025
394.2399902,-0.029574212
394.0599976,-0.029843001
393.8800049,-0.02974372
393.6999817,-0.029310122
393.519989,-0.029454939
393.3399963,-0.028913395
393.1600037,-0.02963699
392.9799805,-0.02902
392.7999878,-0.02943103
392.6199951,-0.029578628
392.4400024,-0.028651079
392.2599792,-0.02835541
392.0799866,-0.029571358
391.8999939,-0.028727731
391.7200012,-0.028941903
391.539978,-0.028939901
391.3599854,-0.028869728
391.1799927,-0.029023137
391,-0.028213931
390.8200073,-0.028953142
390.6399841,-0.02829239
390.4599915,-0.029237082
390.2799988,-0.028552461
390.1000061,-0.028964851
389.9199829,-0.0285955
389.7399902,-0.028731182
389.5599976,-0.028662581
389.3800049,-0.028103892
389.1999817,-0.027343698
389.019989,-0.028033817
388.8399963,-0.02719469
388.6600037,-0.02673289
388.4799805,-0.02537529
388.2999878,-0.023353789
388.1199951,-0.023338813
387.9400024,-0.021901643
387.7599792,-0.020911349
387.5799866,-0.022827711
387.3999939,-0.023839463
387.2200012,-0.024211943
387.039978,-0.026455339
386.8599854,-0.026580635
386.6799927,-0.027927002
386.5,-0.02765731
386.3200073,-0.02783259
386.1399841,-0.02891366
385.9599915,-0.027967896
385.7799988,-0.028192686
385.6000061,-0.028901868
385.4199829,-0.027688624
385.2399902,-0.028248146
385.0599976,-0.028703315
384.8800049,-0.028888738
384.6999817,-0.028713318
384.519989,-0.028680099
384.3399963,-0.028439963
384.1600037,-0.028114988
383.9799805,-0.027841883
383.7999878,-0.028271889
383.6199951,-0.028236439
383.4400024,-0.027967783
383.2599792,-0.028187636
383.0799866,-0.028987704
382.8999939,-0.027475262
382.7200012,-0.02727315
382.539978,-0.027704446
382.3599854,-0.027194211
382.1799927,-0.026697628
382,-0.026788842
381.8200073,-0.027229194
381.6399841,-0.027031003
381.4599915,-0.026606474
381.2799988,-0.026982173
381.1000061,-0.026681254
380.9199829,-0.026900962
380.7399902,-0.026853403
380.5599976,-0.027740415
380.3800049,-0.027361196
380.1999817,-0.028266635
380.019989,-0.027939102
379.8399963,-0.029422266
379.6600037,-0.028303105
379.4799805,-0.027813204
379.2999878,-0.027714256
379.1199951,-0.027593385
378.9400024,-0.028112272
378.7599792,-0.027662925
378.5799866,-0.026527528
378.3999939,-0.024813257
378.2200012,-0.023281826
378.039978,-0.02251715
377.8599854,-0.023410786
377.6799927,-0.023936294
377.5,-0.025984045
377.3200073,-0.027115621
377.1399841,-0.028462373
376.9599915,-0.028533725
376.7799988,-0.028324092
376.6000061,-0.02886565
376.4199829,-0.028630346
376.2399902,-0.028971726
376.0599976,-0.029156325
375.8800049,-0.028966498
375.6999817,-0.028864464
375.519989,-0.028535221
375.3399963,-0.028407963
375.1600037,-0.028800245
374.9799805,-0.028836925
374.7999878,-0.028687948
374.6199951,-0.028995467
374.4400024,-0.029302647
374.2599792,-0.028909685
374.0799866,-0.028952386
373.8999939,-0.028728172
373.7200012,-0.029075254
373.539978,-0.028768791
373.3599854,-0.028372576
373.1799927,-0.029615682
373,-0.028203268
372.8199768,-0.028771419
372.6399841,-0.029431578
372.4599915,-0.030176999
372.2799988,-0.028923532
372.1000061,-0.029461961
371.9199829,-0.029379491
371.7399902,-0.02876425
371.5599976,-0.029412946
371.3800049,-0.029121723
371.1999817,-0.027864896
371.019989,-0.028323926
370.8399963,-0.028539097
370.6600037,-0.027588679
370.4799805,-0.028558791
370.2999878,-0.028124953
370.1199951,-0.029530892
369.9400024,-0.028359631
369.7599792,-0.028619487
369.5799866,-0.028950913
369.3999939,-0.029635658
369.2200012,-0.028874522
369.039978,-0.029566562
368.8599854,-0.02888827
368.6799927,-0.029213794
368.5,-0.028444186
368.3199768,-0.028351732
368.1399841,-0.028606061
367.9599915,-0.028772356
367.7799988,-0.028797477
367.6000061,-0.028651776
367.4199829,-0.028940637
367.2399902,-0.029088907
367.0599976,-0.028172825
366.8800049,-0.027995307
366.6999817,-0.029143237
366.519989,-0.029040687
366.3399963,-0.028637309
366.1600037,-0.027688971
365.9799805,-0.026326017
365.7999878,-0.024987707
365.6199951,-0.026323166
365.4400024,-0.026597645
365.2599792,-0.027130088
365.0799866,-0.028661711
364.8999939,-0.028779987
364.7200012,-0.028990395
364.539978,-0.028667102
364.3599854,-0.028018551
364.1799927,-0.027904529
364,-0.02937167
363.8199768,-0.029350476
363.6399841,-0.028348185
363.4599915,-0.028840598
363.2799988,-0.028915785
363.1000061,-0.02804623
362.9199829,-0.028934753
362.7399902,-0.029307362
362.5599976,-0.029015971
362.3800049,-0.028144199
362.1999817,-0.029427413
362.019989,-0.028911803
361.8399963,-0.029164258
361.6600037,-0.029675353
361.4799805,-0.028969778
361.2999878,-0.028216962
361.1199951,-0.029064214
360.9400024,-0.028792961
360.7599792,-0.028145185
360.5799866,-0.028382285
360.3999939,-0.02855166
360.2200012,-0.02859777
360.039978,-0.028375499
359.8599854,-0.028766776
359.6799927,-0.029389769
359.5,-0.02843724
359.3199768,-0.028270416
359.1399841,-0.028877856
358.9599915,-0.029037025
358.7799988,-0.028539795
358.6000061,-0.028537137
358.4199829,-0.0292763
358.2399902,-0.029001296
358.0599976,-0.028403053
357.8800049,-0.028781753
357.6999817,-0.028852664
357.519989,-0.028513528
357.3399963,-0.028719764
357.1600037,-0.028620351
356.9799805,-0.028793525
356.7999878,-0.028687166
356.6199951,-0.02821823
356.4400024,-0.028005946
356.2599792,-0.028973011
356.0799866,-0.028118089
355.8999939,-0.028801918
355.7200012,-0.028950252
355.539978,-0.028803639
355.3599854,-0.028429231
355.1799927,-0.028723927
355,-0.029022722
354.8199768,-0.029338079
354.6399841,-0.028777061
354.4599915,-0.029138688
354.2799988,-0.029210513
354.1000061,-0.028068762
353.9199829,-0.028588856
353.7399902,-0.028121861
353.5599976,-0.027800681
353.3800049,-0.028696679
353.1999817,-0.028079519
353.019989,-0.029586069
352.8399963,-0.027598916
352.6600037,-0.028975138
352.4799805,-0.029765125
352.2999878,-0.029899681
352.1199951,-0.028853513
351.9400024,-0.028914349
351.7599792,-0.029038761
351.5799866,-0.027687382
351.3999939,-0.027914273
351.2200012,-0.029198576
351.039978,-0.028201204
350.8599854,-0.028347468
350.6799927,-0.028794693
350.5,-0.029053755
350.3199768,-0.028321143
350.1399841,-0.029209033
349.9599915,-0.028581757
349.7799988,-0.028094152
349.6000061,-0.029817404
349.4199829,-0.028622247
349.2399902,-0.030284183
349.0599976,-0.02870151
348.8800049,-0.028391147
348.6999817,-0.028372034
348.519989,-0.028981373
348.3399963,-0.029453885
348.1600037,-0.028278694
347.9799805,-0.03019283
347.7999878,-0.028052067
347.6199951,-0.029095672
347.4400024,-0.028483514
347.2599792,-0.029053766
347.0799866,-0.028810697
346.8999939,-0.028555753
346.7200012,-0.02897417
346.539978,-0.029114241
346.3599854,-0.028941838
346.1799927,-0.029758561
346,-0.02926903
345.8199768,-0.028954333
345.6399841,-0.028869411
345.4599915,-0.028841922
345.2799988,-0.029209778
345.1000061,-0.028892171
344.9199829,-0.028669177
344.7399902,-0.029370014
344.5599976,-0.028245492
344.3800049,-0.029521979
344.1999817,-0.029068377
344.019989,-0.028898753
343.8399963,-0.02963691
343.6600037,-0.028570386
343.4799805,-0.029317927
343.2999878,-0.029061368
343.1199951,-0.029432902
342.9400024,-0.029975347
342.7599792,-0.028971583
342.5799866,-0.028671887
342.3999939,-0.027799854
342.2200012,-0.029258201
342.039978,-0.028722113
341.8599854,-0.030264262
341.6799927,-0.030461801
341.5,-0.028779907
341.3199768,-0.029123103
341.1399841,-0.028683141
340.9599915,-0.030389924
340.7799988,-0.029958721
340.5999756,-0.02986021
340.4199829,-0.02811859
340.2399902,-0.028934821
340.0599976,-0.029088603
339.8800049,-0.029052669
339.6999817,-0.028962301
339.519989,-0.028261175
339.3399963,-0.029058391
339.1600037,-0.029221937
338.9799805,-0.029528404
338.7999878,-0.029174594
338.6199951,-0.028668074
338.4400024,-0.02926329
338.2599792,-0.029461976
338.0799866,-0.02888708
337.8999939,-0.029099453
337.7200012,-0.029609647
337.539978,-0.028855391
337.3599854,-0.030296398
337.1799927,-0.029718783
337,-0.029645339
336.8199768,-0.029596763
336.6399841,-0.029449401
336.4599915,-0.02855555
336.2799988,-0.028800245
336.0999756,-0.029194789
335.9199829,-0.029575203
335.7399902,-0.029836383
335.5599976,-0.028678859
335.3800049,-0.028973663
335.1999817,-0.029659769
335.019989,-0.029920112
334.8399963,-0.029557128
334.6600037,-0.030110247
334.4799805,-0.029062387
334.2999878,-0.029979888
334.1199951,-0.028999425
333.9400024,-0.029815424
333.7599792,-0.029645115
333.5799866,-0.02964811
333.3999939,-0.028199295
333.2200012,-0.029162664
333.039978,-0.029503126
332.8599854,-0.028926853
332.6799927,-0.029560069
332.5,-0.029134832
332.3199768,-0.028657034
332.1399841,-0.029159274
331.9599915,-0.029397579
331.7799988,-0.029377142
331.5999756,-0.030251086
331.4199829,-0.02829491
331.2399902,-0.028299425
331.0599976,-0.029128091
330.8800049,-0.029839942
330.6999817,-0.029931843
330.519989,-0.029724624
330.3399963,-0.030269081
330.1600037,-0.030028705
329.9799805,-0.028277721
329.7999878,-0.027188731
329.6199951,-0.01900227
329.4400024,0.007192599
329.2599792,0.038014568
329.0799866,0.057488114
328.8999939,0.052353192
328.7200012,0.032847721
328.539978,0.016308276
328.3599854,0.000621303
328.1799927,-0.013871294
328,-0.022066101
327.8199768,-0.027729478
327.6399841,-0.029496994
327.4599915,-0.02867076
327.2799988,-0.030256758
327.0999756,-0.028948935
326.9199829,-0.028443931
326.7399902,-0.028966056
326.5599976,-0.029343553
326.3800049,-0.029996404
326.1999817,-0.028740479
326.019989,-0.02817928
325.8399963,-0.029338812
325.6600037,-0.028759573
325.4799805,-0.028895451
325.2999878,-0.028515706
325.1199951,-0.030014265
324.9400024,-0.028391991
324.7599792,-0.028838599
324.5799866,-0.028987462
324.3999939,-0.030824641
324.2200012,-0.029946402
324.039978,-0.029477566
323.8599854,-0.028701831
323.6799927,-0.028651601
323.5,-0.029904597
323.3199768,-0.028826052
323.1399841,-0.02922648
322.9599915,-0.030340111
322.7799988,-0.029346703
322.5999756,-0.028845895
322.4199829,-0.02970938
322.2399902,-0.028620511
322.0599976,-0.028188253
321.8800049,-0.028924726
321.6999817,-0.029207464
321.519989,-0.0295412
321.3399963,-0.029790007
321.1600037,-0.029316895
320.9799805,-0.029714495
320.7999878,-0.028856337
320.6199951,-0.027336117
320.4400024,-0.027845308
320.2599792,-0.02879679
320.0799866,-0.02805097
319.8999939,-0.028640879
319.7200012,-0.028482143
319.539978,-0.027702972
319.3599854,-0.029158629
319.1799927,-0.029607646
319,-0.029473681
318.8199768,-0.02777132
318.6399841,-0.028247222
318.4599915,-0.030236848
318.2799988,-0.028504813
318.0999756,-0.028343085
317.9199829,-0.029507957
317.7399902,-0.028315362
317.5599976,-0.029048307
317.3800049,-0.028446374
317.1999817,-0.02744709
317.019989,-0.027463274
316.8399963,-0.028419858
316.6600037,-0.027615225
316.4799805,-0.028535854
316.2999878,-0.028773041
316.1199951,-0.028973332
315.9400024,-0.028774044
315.7599792,-0.029965732
315.5799866,-0.029021502
315.3999939,-0.029140009
315.2200012,-0.027544826
315.039978,-0.026706057
314.8599854,-0.023292653
314.6799927,-0.018068647
314.5,-0.015061527
314.3199768,-0.017753322
314.1399841,-0.023001842
313.9599915,-0.026535712
313.7799988,-0.028073177
313.5999756,-0.028646447
313.4199829,-0.029057046
313.2399902,-0.028707393
313.0599976,-0.030075742
312.8800049,-0.029303413
312.6999817,-0.029115845
312.519989,-0.029554483
312.3399963,-0.02889126
312.1600037,-0.029147686
311.9799805,-0.028562229
311.7999878,-0.027440887
311.6199951,-0.027719216
311.4400024,-0.026088089
311.2599792,-0.023119478
311.0799866,-0.020890204
310.8999939,-0.021831673
310.7200012,-0.024711423
310.539978,-0.026405748
310.3599854,-0.02871576
310.1799927,-0.028413948
310,-0.027555309
309.8199768,-0.02931744
309.6399841,-0.02776346
309.4599915,-0.02871847
309.2799988,-0.029015314
309.0999756,-0.028613137
308.9199829,-0.028189205
308.7399902,-0.02911661
308.5599976,-0.026156889
308.3799744,-0.028093686
308.1999817,-0.026963465
308.019989,-0.025161598
307.8399963,-0.020580675
307.6600037,-0.016362237
307.4799805,-0.012437535
307.2999878,-0.017077066
307.1199951,-0.021541361
306.9400024,-0.024976883
306.7599792,-0.028486693
306.5799866,-0.026230477
306.3999939,-0.027040748
306.2200012,-0.025028951
306.039978,-0.027327742
305.8599854,-0.026068354
305.6799927,-0.026264073
305.5,-0.02563381
305.3199768,-0.026402991
305.1399841,-0.026510319
304.9599915,-0.026585875
304.7799988,-0.027567957
304.5999756,-0.028235113
304.4199829,-0.028519901
304.2399902,-0.028671976
304.0599976,-0.028529368
303.8799744,-0.027709085
303.6999817,-0.028066359
303.519989,-0.029443955
303.3399963,-0.027876817
303.1600037,-0.027772648
302.9799805,-0.029425845
302.7999878,-0.027903231
302.6199951,-0.027859978
302.4400024,-0.027259383
302.2599792,-0.026158726
302.0799866,-0.026226748
301.8999939,-0.028217906
301.7200012,-0.027451808
301.539978,-0.02787254
301.3599854,-0.027731556
301.1799927,-0.02774854
301,-0.027758371
300.8199768,-0.029194929
300.6399841,-0.027202765
300.4599915,-0.029412502
300.2799988,-0.027714839
300.0999756,-0.028354391
299.9199829,-0.027752357
299.7399902,-0.02902458
299.5599976,-0.026796097
299.3799744,-0.02729011
299.1999817,-0.028245142
299.019989,-0.029114151
298.8399963,-0.027797895
298.6600037,-0.027554348
298.4799805,-0.029732432
298.2999878,-0.02965223
298.1199951,-0.026429201
297.9400024,-0.028480811
297.7599792,-0.027361855
297.5799866,-0.030640291
297.3999939,-0.029545743
297.2200012,-0.028116288
297.039978,-0.028297115
296.8599854,-0.028150693
296.6799927,-0.02899247
296.5,-0.029119328
296.3199768,-0.027761204
296.1399841,-0.029551595
295.9599915,-0.028407998
295.7799988,-0.027022677
295.5999756,-0.028816026
295.4199829,-0.027850689
295.2399902,-0.028685655
295.0599976,-0.03026361
294.8799744,-0.02975858
294.6999817,-0.026988341
294.519989,-0.029388268
294.3399963,-0.027249256
294.1600037,-0.027583027
293.9799805,-0.030325726
293.7999878,-0.030072872
293.6199951,-0.027992504
293.4400024,-0.028632073
293.2599792,-0.030489717
293.0799866,-0.02972283
292.8999939,-0.029799059
292.7200012,-0.02727964
292.539978,-0.030172445
292.3599854,-0.029451653
292.1799927,-0.028708566
292,-0.028405121
291.8199768,-0.029498938
291.6399841,-0.029214641
291.4599915,-0.030393934
291.2799988,-0.02831088
291.0999756,-0.027575508
290.9199829,-0.028922718
290.7399902,-0.029451078
290.5599976,-0.030895846
290.3799744,-0.028897112
290.1999817,-0.02784072
290.019989,-0.030494718
289.8399963,-0.029104605
289.6600037,-0.028628819
289.4799805,-0.029978672
289.2999878,-0.031395175
289.1199951,-0.028814018
288.9400024,-0.029942043
288.7599792,-0.027749557
288.5799866,-0.029759685
288.3999939,-0.028606215
288.2200012,-0.028333437
288.039978,-0.028847769
287.8599854,-0.028049596
287.6799927,-0.030421104
287.5,-0.030279677
287.3199768,-0.03070627
287.1399841,-0.030069359
286.9599915,-0.028846305
286.7799988,-0.029445486
286.5999756,-0.030670431
286.4199829,-0.030090887
286.2399902,-0.030053733
286.0599976,-0.030187506
285.8799744,-0.027035765
285.6999817,-0.029784104
285.519989,-0.028809244
285.3399963,-0.029076915
285.1600037,-0.02950385
284.9799805,-0.029242458
284.7999878,-0.030462453
284.6199951,-0.029367028
284.4400024,-0.029042751
284.2599792,-0.029271955
284.0799866,-0.030414253
283.8999939,-0.029588919
283.7200012,-0.029888187
283.539978,-0.028525494
283.3599854,-0.028845366
283.1799927,-0.028538367
283,-0.0277899
282.8199768,-0.028021675
282.6399841,-0.029091666
282.4599915,-0.02815884
282.2799988,-0.030460302
282.0999756,-0.030489422
281.9199829,-0.031192956
281.7399902,-0.029498391
281.5599976,-0.029111883
281.3799744,-0.02840988
281.1999817,-0.03290524
281.019989,-0.029479455
280.8399963,-0.02802797
280.6599731,-0.028712498
280.4799805,-0.028998332
280.2999878,-0.030595168
